AIRPORT,demand_mwh_h2,Latitude,Longitude,total_h2_demand_kg
0S9,2.7359206462684833e-05,48.0537986755,-122.810997009,0.0008193832423685184
0V7,0.0,36.716444,-110.228444,0.0
1V6,7.209055468758772e-07,38.429739,-105.108562,2.159046261982262e-05
3S8,0.0,42.510101,-123.388,0.0
4V0,2.441287533584429e-05,40.094002,-108.763,0.0007311433164373852
67L,0.0,36.833105,-114.055928,0.0
6S8,0.585990941547448,45.703098,-108.761002,17.549893427596526
74V,0.0006127193407204582,40.278301,-110.051003,0.018350384567848405
ABQ,504018.91019955766,35.03805556,-106.61,15094905.965844793
ACV,1.8599454550362564,40.97777778,-124.10833333,55.703667416479675
AEG,0.004227295213601666,35.145198822021484,-106.79499816894533,0.12660363023664767
AEJ,1.0638640901269542e-05,38.812906,-106.120062,0.0003186175771569195
AFO,0.0,42.70888889,-110.94222222,0.0
AJO,0.0,33.897701,-117.601997,0.0
ALM,0.004662439877359555,32.83777778,-105.99305556,0.13963581543454792
ALS,0.0014491019380387742,37.435,-105.86777778,0.04339927936624062
ALW,0.007202192382921907,46.0925,-118.28416667,0.2156990830464782
ANK,0.0,38.5383,-106.049004,0.0
APA,0.00023775051223369744,39.57,-104.84805556,0.007120410668873838
APC,0.000887861005721214,38.21305556,-122.28055556,0.026590626107254087
APV,1.074166171734893e-06,34.57527778,-117.18611111,3.217029564944274e-05
ASE,31.166699361891894,39.22194444,-106.86833333,933.4141767562711
AST,7.910014971184989e-05,46.15805556,-123.87861111,0.0023689772300643872
AUN,9.70302160111106e-07,38.95472222,-121.08166667,2.905966337559467e-05
AVQ,5.0698788647074986e-08,32.409065,-111.216199,1.5183824093164117e-06
AWO,0.0,48.161448,-122.158442,0.0
BAB,4.597645932780495e-05,39.13611111,-121.43666667,0.0013769529598024843
BDG,0.0,37.58333333,-109.48333333,0.0
BDN,0.002512477078332908,44.09479904,-121.2009964,0.07524639348106942
BDU,1.9311176745244354e-05,40.039101,-105.226025,0.0005783521037809031
BFI,110.43897715503135,47.53,-122.30194444,3307.5464856253775
BFL,5.978820301965433,35.43361111,-119.0575,179.06020670756013
BIF,726233.0670404085,31.84944444,-106.38,21750016.982342273
BIH,0.032775655110994166,37.37305556,-118.36361111,0.9816009317458569
BIL,72858.92082155925,45.80777778,-108.54361111,2182058.1258328618
BJC,0.39194465205439183,39.90888889,-105.11694444,11.738384308307632
BKE,0.0,44.83722222,-117.80916667,0.0
BLH,0.0,33.61944444,-114.71694444,0.0
BLI,11.602445066424806,48.79277778,-122.5375,347.4826315191616
BNO,7.473086182331068e-05,43.59194444,-118.95555556,0.002238121048916163
BOI,511002.56785402563,43.56444444,-116.22277778,15304060.133394
BTF,0.0,40.8694000244,-111.927001953,0.0
BTM,11.109693501188037,45.95111111,-112.49555556,332.72517224282825
BUR,8515.07963916467,34.20055556,-118.35861111,255018.8571178398
BVS,0.0001200751139299015,48.470901,-122.420998,0.003596139979931162
BWC,5.157698749690333e-07,32.99305556,-115.51722222,1.544683662680543e-05
BYG,0.3788735580190457,44.38111111,-106.72194444,11.346916981702476
BYI,0.0,42.5425,-113.77166667,0.0
BZN,391594.8422483613,45.77722222,-111.15027778,11727907.824149784
C83,2.534888954868326e-06,37.82647,-121.621699,7.591760871124067e-05
CAG,0.0,40.4952011108,-107.522003174,0.0
CCB,1.638745586808317e-07,34.111599,-117.688004,4.907893341743987e-06
CCR,0.04752224467752286,37.98972222,-122.05694444,1.423247819033329
CDC,0.22133760680068468,37.70194444,-113.09805556,6.62885914347663
CEC,0.05538609926324761,41.78027778,-124.23666667,1.6587630806603058
CEZ,0.018575508689772754,37.30305556,-108.62805556,0.5563195175134098
CFO,0.00026257463558122395,39.784194,-104.537639,0.007863870487607784
CGZ,4.7749593119991e-07,32.955,-111.76694444,1.4300566972144652e-05
CHD,1.6159334691965625e-05,33.26916667,-111.81111111,0.00048395731332631403
CIC,0.000738456658204723,39.79527778,-121.85888889,0.022116102372109103
CLM,0.0023364552186739113,48.12027778,-123.49972222,0.06997469957094672
CLS,0.0,46.67694444,-122.98277778,0.0
CMA,8.616351489687201e-05,34.213699,-119.094002,0.0025805185653450737
CNO,0.0011267025129040509,33.97472222,-117.63638889,0.033743711078288434
CNY,0.10271302303573857,38.76388889,-109.74555556,3.0761612170032513
COD,278.66078496741113,44.52027778,-109.02388889,8345.635967876942
COE,0.34091987467083174,47.77444444,-116.81944444,10.210238834106969
COS,149.62159452751123,38.80583333,-104.70083333,4481.030084681379
CPR,18779.685786607286,42.90583333,-106.46361111,562434.4350586189
CRQ,8.666244644149348e-05,33.1283,-117.279999,0.002595461109358894
CTB,8.43478450795952,48.60888889,-112.37833333,252.61409128360347
CVH,9.89743925568257e-07,36.8932991028,-121.410003662,2.964192649201129e-05
CVO,0.006288165376786428,44.49694444,-123.28944444,0.18832480912807512
CXL,6.22761470903635e-07,32.6675,-115.5175,1.865113719387945e-05
CXP,0.0,39.1922,-119.734001,0.0
CYS,27.751518466459324,41.15666667,-104.82027778,831.1326285252867
DAG,3.793491074426084e-08,34.85138889,-116.79361111,1.1361159252548918e-06
DEN,4556094.921064976,39.86111111,-104.67194444,136450881.13402143
DGW,0.3925847339984645,42.79722222,-105.38583333,11.757554177851588
DIJ,0.05197245488908592,43.742667,-111.096829,1.5565275498378532
DLN,3.9461040833534553,45.255401611299995,-112.553001404,118.18221273894744
DLS,0.00034901012565090523,45.61944444,-121.16833333,0.010452534460943552
DMA,0.00013608610055518026,32.16638889,-110.88305556,0.004075654404168322
DMN,1.2013895242185334e-05,32.2625,-107.71888889,0.00035980518844520317
DRO,1.6118784676989948,37.15166667,-107.75388889,48.27428774180876
DVO,6.892342992941952e-06,38.143600463867,-122.55599975586,0.0002064193768476176
DVT,0.00016198653701261846,33.68833333,-112.0825,0.0048513488173889925
DWA,0.0,38.57944444,-121.85694444,0.0
DWX,2.0282056166785845,41.038299560547,-107.49700164795,60.742905560904
E16,0.0,37.08160019,-121.5970001,0.0
E25,0.0,33.970172,-112.796043,0.0
E91,4.116888767063325e-06,36.110900878906,-109.57499694824,0.00012329705801327717
EAN,8.001375177228878,42.05555556,-104.92833333,239.6338777247343
EAT,0.020367638018779517,47.39888889,-120.20694444,0.6099921539017525
EDU,3.365374998369979e-07,38.531502,-121.786489,1.0078990710901404e-05
EDW,2.96536548016099e-05,34.90805556,-117.88555556,0.0008880998742620515
EGE,18.684661106501558,39.64277778,-106.91583333,559.5885326894746
EIK,0.0,40.010200500488,-105.047996521,0.0
EKA,1.4161827186286588e-05,40.80333333,-124.11277778,0.00042413378814874477
EKO,0.001748221171703633,40.825,-115.79138889,0.05235762718489467
EKS,0.006426033284871973,45.271801,-111.649002,0.19245382704019084
ELN,0.0,47.03472222,-120.52888889,0.0
ELP,17720960.141567416,31.80666667,-106.37333333,530726569.0795872
ELY,0.0,39.29972222,-114.84194444,0.0
EMT,5.631902429127558e-06,34.08611111,-118.03472222,0.00016867033330720448
ENV,0.0074405599690976,40.71861111,-114.02861111,0.22283797451625037
EUG,1261.598582085154,44.12472222,-123.21083333,37783.7251298339
EUL,0.0,43.641899,-116.636002,0.0
EVW,0.0,41.27472222,-111.03472222,0.0
F70,2.4637859940817036e-05,33.5742,-117.127998,0.000737881399844775
FAT,824.2655694250684,36.77666667,-119.71888889,24686.00088125392
FCH,0.0,36.73222222,-119.82027778,0.0
FCS,0.0003500013034245056,38.695,-104.75638889,0.01048221932987438
FFZ,0.00014666438741293975,33.4608001709,-111.727996826,0.004392464432852344
FHR,0.00034913646757863597,48.523654,-123.024645,0.010456318286272416
FHU,1.3345763855634271e-05,31.58833333,-110.34444444,0.00039969343682642324
FLG,1.0412532808031327,35.14027778,-111.66916667,31.184584630222606
FLX,2.4769627106031023e-05,39.49916667,-118.74888889,0.0007418277060805936
FMN,0.15009624510535247,36.74138889,-108.23111111,4.495245435919511
FNL,0.0003440228031325566,40.45194444,-105.01138889,0.010303168707174501
FOT,5.519140107995876e-06,40.55390167,-124.1330032,0.00016529320479173034
FUL,0.0,33.87194444,-117.97972222,0.0
GCC,83.51351046351385,44.34722222,-105.54138889,2501.153353204967
GCN,0.5360985660034951,35.95222222,-112.14694444,16.055662354102882
GEG,8689.969651883202,47.61916667,-117.53527778,260256.65324597794
GEU,0.0,33.52690124511719,-112.29499816894533,0.0
GJT,5.687248261073419,39.11861111,-108.51444444,170.32789041849114
GNT,0.010586565632078293,35.16722222,-107.90194444,0.3170579704126473
GOO,3.2422404507126127e-06,39.223998,-121.002997,9.71021398835763e-05
GPI,106.14596182275045,48.31050109863281,-114.25599670410156,3178.9745978661413
GRF,7.088895586514492e-05,47.07916667,-122.58083333,0.0021230594748471074
GTF,8861.67496867654,47.47666667,-111.37305556,265399.0706402078
GUC,0.09534937867337627,38.53611111,-106.92944444,2.8556267946503824
GUP,1.3845311171837082,35.51111111,-108.78944444,41.46544226366302
GXY,0.00013816910639596156,40.4374008179,-104.633003235,0.004138038526383994
GYR,1.833160469362599e-05,33.42333333,-112.37527778,0.0005490148156222219
HAE,6.971499956074617e-06,36.21666667,-112.66666667,0.00020879005558773934
HAF,1.8577543275635002e-06,37.51333333,-122.50111111,5.563804515014975e-05
HDN,7.923594566280852,40.48111111,-107.21777778,237.30441947531753
HHR,0.43043276275921727,33.92277778,-118.335,12.891068067062513
HIF,0.008513852900826933,41.12388889,-111.97305556,0.2549821174251851
HII,0.006841690752296127,34.57111111,-114.35833333,0.2049023885084195
HIO,0.0029688944207451945,45.54222222,-122.95055556,0.0889156759732014
HJO,3.406694872352146e-06,36.31669998,-119.6279984,0.00010202739959125923
HLN,388.7845225332797,46.60666667,-111.98333333,11643.741315761597
HMN,0.08612737893126246,32.86,-106.105,2.579436326183362
HMT,0.0,33.73416667,-117.02222222,0.0
HND,0.0005538951947343591,35.9728012085,-115.134002686,0.01658865512831264
HQM,0.0,46.97111111,-123.93666667,0.0
HRF,3.80969969161818,46.251499,-114.125569,114.09702580467744
HRI,0.001394769952599283,45.828223,-119.259024,0.041772086031724553
HVR,64.11556286164658,48.54416667,-109.75916667,1920.2025415287985
HWD,0.00015096944641614712,37.65888889,-122.12166667,0.0045213970175545706
IDA,9743.053648052497,43.525,-112.05861111,291795.5569946839
IFP,3.97131631474494,35.15472222,-114.55944444,118.93729603908176
IGM,0.00019776118021263585,35.25944444,-113.93805556,0.005922766702984002
INS,6.693213840563863e-06,36.58638889,-115.6775,0.00020045564062784856
INW,4.014985643010958e-06,35.02194444,-110.7225,0.000120245152531026
IPL,0.056249660167347074,32.83416667,-115.57888889,1.6846259409208468
ITR,1.7604647800607078e-05,39.2425,-102.285004,0.0005272431207130002
IWA,0.00017169437595914526,33.3078,-111.654999,0.00514208972623975
IYK,0.0003721740313612553,35.65944444,-117.82944444,0.011146272277965117
IZA,0.0,34.60680008,-120.0759964,0.0
JAC,157758.6204459466,43.60722222,-110.73777778,4724726.578195466
JER,0.00015908412975424076,42.72669982910156,-114.45700073242188,0.004764424371196189
KLS,0.0,46.11805556,-122.89833333,0.0
L35,3.0372177164801444e-07,34.263802,-116.856003,9.096189627074408e-06
L45,8.295304922450553e-07,35.324799,-118.996002,2.4843680510483836e-05
L52,0.0,35.101398,-120.622002,0.0
LAA,0.00048107359611735,38.06972222,-102.68861111,0.014407714768414194
LAR,122.43621485509762,41.31333333,-105.67277778,3666.8527958998984
LAS,4639412.05824449,36.08,-115.15222222,138946153.28674722
LAX,22726095.405768763,33.94305556,-118.40888889,680625798.3159257
LGB,2474.8509542341335,33.81805556,-118.15194444,74119.52543378656
LGD,0.00028429575724678313,45.28916667,-118.00611111,0.008514398240394822
LGU,0.00010529303347196618,41.79166667,-111.85166667,0.0031534301728651146
LHM,6.3676650689346856e-06,38.909199,-121.350998,0.000190705752289149
LHX,0.00010280979138222139,38.05,-103.50972222,0.003079059340587643
LMO,0.0,40.1637,-105.163002,0.0
LMT,0.12004868537420957,42.15611111,-121.73333333,3.5953484688292776
LND,0.34912844829009415,42.81527778,-108.72861111,10.456078115905784
LPC,2.468574026226467e-06,34.66555556,-120.4675,7.393153717359889e-05
LRU,0.3947550661436957,32.28916667,-106.92194444,11.82255364311757
LSN,1.253259498447023e-06,37.06388889,-120.86972222,3.753397719218398e-05
LSV,0.0007473572657718784,36.23611111,-115.03416667,0.022382667438510882
LUF,0.00011863629553286395,33.535,-112.38305556,0.0035530486832244367
LVK,4.7047164417520606e-05,37.69305556,-121.82027778,0.0014090195992069665
LVM,0.013747734967815676,45.66666667,-110.56666667,0.41173210445689357
LVS,0.0,35.65416667,-105.1425,0.0
LWS,25.1186951829199,46.37166667,-117.00694444,752.281976128179
LWT,14.625638306421429,47.04888889,-109.46722222,438.02450752984214
MAE,1.190672955475653e-08,36.98861111,-120.1125,3.565956739969011e-07
MAN,0.00010143522302580473,43.581299,-116.523003,0.0030378922739084974
MCC,0.001798412775618091,38.66777778,-121.40055556,0.05386081987475564
MCE,0.17267138371656696,37.28472222,-120.51388889,5.171350216129588
MER,0.0,37.38055556,-120.56555556,0.0
MEV,0.00033898796240818235,39.00055556,-119.75111111,0.010152379826540351
MFR,9269.971610740484,42.375,-122.87333333,277627.18211262306
MHR,3.147153494874126,38.55583333,-121.29694444,94.25437241312147
MHV,3.8982438057566645e-06,35.05888889,-118.15055556,0.00011674884114275724
MIT,6.692460846663121e-07,35.5075,-119.19222222,2.0043308914834144e-05
MMH,0.00654006858759773,37.63111111,-118.85138889,0.19586908019160618
MMV,0.0,45.19440079,-123.1360016,0.0
MOD,4.2018941732705824e-05,37.62583333,-120.95444444,0.0012584289228123938
MRY,32.77379672529939,36.58694444,-121.84194444,981.5452747918356
MSO,35643.00720121915,46.91611111,-114.09138889,1067475.5076735297
MTJ,3.498311626311994,38.50888889,-107.89444444,104.7712376852948
MUO,0.21161689334130945,43.04361111,-115.8725,6.337732654726248
MWH,0.0002035231627442045,47.21055556,-119.32111111,0.0060953328165380205
MYF,6.243097467506945e-05,32.81583333,-117.13944444,0.0018697506641230743
MYL,0.00601865013786608,44.88861111,-116.10166667,0.18025307391033485
MYV,0.0,39.09777778,-121.56972222,0.0
MZJ,4.0167134329356175e-05,32.50972222,-111.32527778,0.0012029689826102477
NFG,0.0,33.30130005,-117.3550034,0.0
NFL,0.0003727249892776211,39.41777778,-118.69861111,0.01116277296428934
NID,2.0182187271969017e-05,35.6853981,-117.6920013,0.0006044380734342323
NJK,5.3558023574317086e-06,32.82666667,-115.66861111,0.0001604013883627346
NKX,3.475442957360862e-06,32.86861111,-117.1425,0.00010408634193952866
NLC,2.098126383420318e-05,36.33305556,-119.95222222,0.0006283696865589453
NTD,0.0002663925013802594,34.12027778,-119.12083333,0.007978212080870304
NUQ,0.0017138295775104128,37.41611111,-122.04916667,0.05132763035371107
NUW,5.914153014417711e-05,48.35194444,-122.65583333,0.0017712348051565471
NXP,1.2185612018226247e-06,34.2962,-116.162003,3.649479490334306e-05
NZY,0.0010284083224838183,32.69833333,-117.21305556,0.030799889861749575
O22,0.0,38.0303993225,-120.415000916,0.0
O61,1.532364634266685e-07,38.683998,-120.987999,4.589292106219481e-06
O69,2.4187738864643656e-05,38.25780106,-122.6060028,0.0007244006847751919
OAK,68735.30896297644,37.72138889,-122.22111111,2058559.7173697648
OGD,0.042713084385523174,41.19472222,-112.01277778,1.2792178612016523
OKB,3.571264829176835e-08,33.217947,-117.351683,1.0695611947220231e-06
OLM,1.845775045196981e-08,46.96944444,-122.9025,5.527927658571371e-07
OLS,0.0,31.41777778,-110.84777778,0.0
OMK,0.0,48.46444444,-119.51805556,0.0
ONO,0.0001082169074131856,44.01944444,-117.01305556,0.0032409975266003473
ONP,0.002217349276974222,44.58027778,-124.05805556,0.06640758541402283
ONT,61616.91979351371,34.05611111,-117.60111111,1845370.464016583
ORS,0.00041570841951822846,48.708199,-122.910004,0.012450087436904116
OTH,0.672912747132627,43.41694444,-124.24694444,20.153122106397934
OVE,0.0,39.48777778,-121.62194444,0.0
OXR,4.98107374995324e-05,34.20083333,-119.20722222,0.0014917860886352918
P19,0.0,33.298829,-111.915795,0.0
P20,0.0,34.14891,-114.268362,0.0
PAE,66.82725217142524,47.90722222,-122.28222222,2001.4151593718252
PAN,0.0,34.256801605225,-111.33899688721,0.0
PAO,7.416735235063445e-06,37.46111111,-122.115,0.0002221244454945626
PDT,0.05089951492854829,45.695,-118.84333333,1.5243939780936893
PDX,1764861.0186084544,45.58861111,-122.59805556,52855975.400073506
PGA,0.27532419412720954,36.92611111,-111.44833333,8.245708120012265
PGS,0.00017169437595914526,35.52833333,-113.24666667,0.00514208972623975
PHX,4648076.220209368,33.43361111,-112.01194444,139205637.02334136
PIH,2.614362311221901,42.89861111,-112.605,78.29776313932018
PLU,1.1212295007178368e-05,47.103901,-122.287003,0.0003357979936261865
PMD,3.07623786968537e-05,34.62944444,-118.08444444,0.0009213051421639324
PNA,0.0,42.79550171,-109.8069992,0.0
POC,0.0,34.09166667,-117.78166667,0.0
PRB,6.660422708287547e-05,35.67805556,-120.6275,0.001994735761691389
PRC,0.10152175207774601,34.65472222,-112.41916667,3.040483739974424
PSC,693.9934741111425,46.26472222,-119.11888889,20784.47062327471
PSO,0.00017606405980290807,37.28630066,-107.0559998,0.005272957765885237
PSP,2885.2897084736032,33.82972222,-116.50666667,86411.79120915254
PTV,0.0,36.02944444,-119.06277778,0.0
PUB,0.002056104082922471,38.29,-104.49805556,0.06157843914113419
PUC,1.3188817465723964e-05,39.61388889,-110.75166667,0.00039499303581084046
PUW,0.14698102173543293,46.74166667,-117.11166667,4.401947341582298
PVF,1.6682514776731496e-07,38.72416667,-120.75333333,4.996260789676998e-06
PVU,98.11258619011126,40.21888889,-111.7225,2938.3823357325923
PWT,2.9074667129635947e-05,47.49027778,-122.76472222,0.0008707597223610647
RAL,1.508356627313631e-08,33.95194444,-117.445,4.5173903183996136e-07
RAP,221269.01779152916,44.04888889,-103.06138889,6626804.965304856
RBG,0.023658438488654655,43.23944444,-123.35583333,0.7085486220022359
RBL,4.716646869051827e-07,40.15027778,-122.25222222,1.4125926532050994e-05
RCA,10171.902798044615,44.145,-103.10361111,304639.1973059184
RCE,0.0658466465500871,48.61222222,-123.13861111,1.972046916744148
RDD,0.8258344425490468,40.50972222,-122.295,24.732987198234405
RDM,422.4981466487663,44.25416667,-121.15055556,12653.433562406897
REI,0.0,34.08530044555664,-117.14600372314452,0.0
RHV,0.0,37.332901001,-121.819000244,0.0
RIL,0.0015214954303199352,39.52666667,-107.72805556,0.045567398332432923
RIV,1.5168245918538559,33.88083333,-117.25944444,45.42751098693788
RIW,43.76364225421169,43.06555556,-108.46055556,1310.681109739793
RKS,111.57155809725705,41.59416667,-109.06527778,3341.466250292215
RLD,0.00010466977009475004,46.30555556,-119.30416667,0.0031347640040356407
RNM,0.0,33.03916667,-116.91527778,0.0
RNO,4833.000878795533,39.49916667,-119.76805556,144743.96162909654
RNT,0.0036238328013662034,47.49305556,-122.21583333,0.10853048222121005
RQB,0.03613415944638025,43.4325,-113.05555556,1.082185068774491
RQE,0.0004221646816437436,46.21333333,-119.79555556,0.012643446590109122
RTN,0.0285397056115126,36.74027778,-104.50611111,0.8547381135523391
RTS,0.0,39.6674,-119.875999,0.0
RWL,16.086665486385446,41.80583333,-107.20027778,481.78093699866565
RXE,0.0,43.8339,-111.805002,0.0
RYN,0.0,32.1422004699707,-111.1750030517578,0.0
S21,0.0002054061783222055,43.876301,-121.453003,0.006151727413063956
S39,0.0,44.286998748779,-120.90399932861,0.0
S43,4.398690861416863e-06,47.908199,-122.105003,0.00013173677332784854
S50,2.531526589304218e-07,47.327702,-122.226997,7.581690893393884e-06
SAA,0.019514573753639693,41.44361111,-106.8275,0.5844436583899278
SAC,2.9762757829436212e-05,38.51277778,-121.49333333,0.0008913674102856009
SAD,8.577063886221394e-06,32.85333333,-109.635,0.00025687522869785546
SAF,281.8438820586148,35.61666667,-106.08916667,8440.966818167559
SAN,614548.6780867416,32.73361111,-117.18972222,18405171.550965607
SBA,9576.18021047146,34.42583333,-119.84111111,286797.8499691962
SBD,122.6094026410305,34.09527778,-117.235,3672.0396118907006
SBP,31.482027086569882,35.23694444,-120.64027778,942.8579540751687
SBS,1.498195415236929e-05,40.51638889,-106.86638889,0.0004486958416402902
SCK,1.7618839267857613,37.89472222,-121.24,52.76681421939986
SDL,0.00017169437595914526,33.622898101807,-111.91100311279,0.00514208972623975
SDM,0.00018939225063323309,32.57194444,-116.98,0.005672124906655678
SEA,6486656.480059168,47.45,-122.31166667,194269436.35996312
SEE,3.480825348262469e-06,32.82611111,-116.9725,0.00010424753963050221
SEZ,0.00015434718647433198,34.848598480225,-111.78800201416,0.004622557246910212
SFF,0.0005371618797080248,47.68305556,-117.3225,0.01608750762827268
SFO,6478033.478956072,37.61888889,-122.37555556,194011185.35358107
SGU,16.253374878683154,37.03638889,-113.51027778,486.77373101776436
SHR,97.1296991425454,44.77166667,-106.98444444,2908.9457664733573
SIY,1.121372850345094e-07,41.78138889,-122.46805556,3.35840925530127e-06
SJC,71435.72404035507,37.36305556,-121.92861111,2139434.6822508257
SJN,4.7364274510614255e-05,34.51861111,-109.37888889,0.0014185167568318135
SKA,2.2849133135302674e-06,47.615,-117.65583333,6.843106659270043e-05
SKX,0.0546362116303121,36.452494,-105.67749,1.6363046310366007
SLC,2589056.8086901316,40.78833333,-111.97777778,77539886.4537326
SLE,0.30090830132204166,44.91194444,-123.00333333,9.011928760767944
SLI,3.226312515454556e-05,33.79000092,-118.052002,0.000966251127719244
SMF,70892.00888973936,38.69555556,-121.59083333,2123150.910144934
SMN,0.0,45.12333333,-113.88138889,0.0
SMO,0.00011615926569584454,34.01583333,-118.45138889,0.0034788639022415254
SMX,0.0596417413215736,34.90361111,-120.45888889,1.7862156730031027
SNA,27334.384461319838,33.67611111,-117.86777778,818639.846101223
SNS,2.8383191228963185e-05,36.66166667,-121.60444444,0.0008500506507625992
SOW,0.002072883671279287,34.26833333,-109.99722222,0.062080972485153846
SPF,5230.224880911475,44.48111111,-103.78611111,156640.4576493404
SPK,0.006301203827410734,40.145027,-111.667694,0.18871529881433763
SQL,0.016475784301765353,37.51194444,-122.24944444,0.4934346900798248
SRR,0.04254207586745977,33.462799,-105.535004,1.274096312292895
STK,4.045425808137772e-05,40.61416667,-103.26416667,0.001211568076710923
STS,34.70622947592066,38.50972222,-122.81305556,1039.4198704977734
SUN,561.883027098378,43.50388889,-114.29555556,16827.883411152383
SUO,0.0015973293750858306,43.87638889,-121.45305556,0.04783855570787154
SUU,0.05138226615310374,38.26444444,-121.92416667,1.5388519363014
SVC,3.1078637168995873,32.63666667,-108.15638889,93.07767945191937
SZP,9.333581805606312e-07,34.34694444,-119.06166667,2.7953224934430404e-05
SZT,0.00509819816837765,48.299499511719,-116.55999755859,0.15268637820837525
TAD,1.41836284215074e-05,37.25972222,-104.33916667,0.0004247867152293321
TCM,0.0005688319949493023,47.13777778,-122.47638889,0.017035998650772755
TCY,1.9396304279212012e-06,37.68899917602539,-121.44200134277344,5.80901595663732e-05
TEX,0.00649696168298971,37.95388889,-107.90888889,0.1945780677744747
TIW,0.0005417156534475746,47.26805556,-122.57805556,0.0162238889921406
TMK,7.430258844527736e-05,45.4182014465,-123.814002991,0.0022252946524491573
TNP,5.961961189469798e-06,34.13166667,-115.94583333,0.00017855529168822395
TNX,0.00034056798243025326,37.7988014221,-116.78099823,0.010199699982936607
TOA,2.4722099584184447e-07,33.80333333,-118.33972222,7.404043002151676e-06
TOR,0.9552144138247357,42.06444444,-104.15277778,28.607799156176572
TPH,5.878330860729275e-06,38.05972222,-117.08666667,0.00017605063973432988
TRK,4.662035629470665e-05,39.318628,-120.140562,0.0013962370857953472
TRM,0.001386889952883759,33.61805556,-116.15638889,0.04153608723820782
TSP,6.29979683902148e-07,35.135,-118.43916667,1.88673160797289e-05
TTD,0.00020136581547391643,45.54944444,-122.40138889,0.006030722236415586
TUS,3134.309717462402,32.125,-110.94972222,93869.71301175209
TVL,5.7178515298161905e-06,38.89388889,-119.99527778,0.00017124443036286883
TWF,15.403489295876374,42.48083333,-114.48555556,461.3204341382562
U42,0.0033747511680229094,40.61944444,-111.9927778,0.10107071482548395
UAO,0.0028278359796575178,45.247100830078125,-122.7699966430664,0.08469110451205504
UDD,2.8838322806938058e-05,33.74833333,-116.27472222,0.0008636814257843085
UKI,0.0002874873301040927,39.12583333,-123.20083333,0.008609982932138147
VBG,2.0663808393452456e-08,34.73722222,-120.58444444,6.188621860872254e-07
VCV,0.0006233059473759867,34.58388889,-117.38638889,0.01866744376687591
VEL,0.07783714058838023,40.43611111,-109.51138889,2.3311512605085425
VGT,0.0005543676035380441,36.21055556,-115.19416667,0.016602803340462536
VIS,0.007960366832242577,36.31861111,-119.39277778,0.23840571525135001
VNY,2.442234946369339,34.20972222,-118.49,73.14270579123506
VUO,1.4433540441424055e-06,45.62055556,-122.65638889,4.322713519444162e-05
WHP,0.0,34.25944444,-118.41333333,0.0
WJF,2.050871818308928e-07,34.74111111,-118.21861111,6.1421737595355735e-06
WLW,2.9984847497748793e-07,39.51583333,-122.21722222,8.980187929843903e-06
WMC,0.0,40.89666667,-117.80583333,0.0
WRL,0.0,43.96277778,-107.95055556,0.0
WVI,1.5037929513772611e-06,36.93583333,-121.78972222,4.503722525837859e-05
WYS,4.136417873019456,44.68833333,-111.11777778,123.88193689785732
YKM,3624.2787624549796,46.56805556,-120.54416667,108543.83834845702
YUM,1.2347513303034605,32.65666667,-114.60611111,36.979674462517536
