date,demand_mwh_baseline,demand_mwh_industry,demand_mwh_transport,demand_mwh_aviation
1,88117.8799160259,160677.19208425898,263738.2915492002,396237.74218423915
2,88117.8799160259,160677.19208425898,277854.6830146859,454522.93250394746
3,88117.8799160259,313707.3334247697,257062.4342088117,482814.51990724297
4,88117.8799160259,313707.3334247697,264007.149998109,479724.6594743861
5,88117.8799160259,313707.3334247697,274819.9095265823,473978.45995797793
6,88117.8799160259,313707.3334247697,290973.52644025,385135.007232947
7,88117.8799160259,313707.3334247697,295480.0347467171,435472.16127212
8,88117.8799160259,160677.19208425898,260134.27266613985,434991.2869661053
9,88117.8799160259,160677.19208425898,274057.7617627107,440329.1503182816
10,88117.8799160259,313707.3334247697,253549.64180601537,448176.33945647336
11,88117.8799160259,313707.3334247697,260399.457128915,484638.8631881768
12,88117.8799160259,313707.3334247697,271064.458858719,458365.19872374606
13,88117.8799160259,313707.3334247697,286997.3344448694,327868.98619090096
14,88117.8799160259,313707.3334247697,291442.26071544556,368561.6322583218
15,88117.8799160259,160677.19208425898,253898.48075312644,383305.00794738263
16,88117.8799160259,160677.19208425898,267488.2037813033,413164.405566842
17,88117.8799160259,313707.3334247697,247471.69291171193,423411.5183133371
18,88117.8799160259,313707.3334247697,254157.30833759301,475764.44290602027
19,88117.8799160259,313707.3334247697,264566.6546325156,462810.8023839764
20,88117.8799160259,313707.3334247697,280117.59637446597,351305.3633348784
21,88117.8799160259,313707.3334247697,284455.97135689534,419822.96942009387
22,88117.8799160259,160677.19208425898,266780.17941525974,428989.44993772
23,88117.8799160259,160677.19208425898,281059.3854162682,422943.85761054844
24,88117.8799160259,313707.3334247697,260027.32435713263,438787.0435265126
25,88117.8799160259,313707.3334247697,267052.1387005312,505860.9692649624
26,88117.8799160259,313707.3334247697,277989.60960272804,474833.3491051115
27,88117.8799160259,313707.3334247697,294329.53828985407,352507.5733019415
28,88117.8799160259,313707.3334247697,298888.0233716891,442922.7611395951
29,88117.8799160259,160677.19208425898,272589.69045048754,460809.687898705
30,88117.8799160259,160677.19208425898,287179.84608332237,438731.7286958288
31,88117.8799160259,313707.3334247697,265689.7825247263,460208.41020237294
32,88117.8799160259,313707.3334247697,272867.5720165324,484671.99721475557
33,88117.8799160259,313707.3334247697,284043.2216079358,471729.39390674286
34,88117.8799160259,313707.3334247697,300738.97509098967,351995.9345691258
35,88117.8799160259,313707.3334247697,305396.7275405091,394889.28575306275
36,88117.8799160259,160677.19208425898,270799.27157191903,461092.4031534009
37,88117.8799160259,160677.19208425898,285293.5964094731,428725.5055615741
38,88117.8799160259,313707.3334247697,263944.68351022946,456805.6725294755
39,88117.8799160259,313707.3334247697,271075.32796746417,504254.6747922669
40,88117.8799160259,313707.3334247697,282177.57385951775,495006.28172569844
41,88117.8799160259,313707.3334247697,298763.66657088493,354662.35861670267
42,88117.8799160259,313707.3334247697,303390.8260576863,403575.82108791947
43,88117.8799160259,160677.19208425898,273556.6941603476,492927.61591962166
44,88117.8799160259,160677.19208425898,288198.6079409457,446141.8200702647
45,88117.8799160259,313707.3334247697,266632.3090266095,447451.8440594337
46,88117.8799160259,313707.3334247697,273835.5615084495,523197.4422185204
47,88117.8799160259,313707.3334247697,285050.85638734896,500972.64187594573
48,88117.8799160259,313707.3334247697,301805.83754112624,380927.7605754039
49,88117.8799160259,313707.3334247697,306480.1132324407,410294.2128938334
50,88117.8799160259,160677.19208425898,272119.51801963005,461357.95703467407
51,88117.8799160259,160677.19208425898,286684.5080920065,467043.01015931496
52,88117.8799160259,313707.3334247697,265231.5113444773,481147.29125156364
53,88117.8799160259,313707.3334247697,272396.920318097,515455.68821582536
54,88117.8799160259,313707.3334247697,283553.2937934382,490550.2594152954
55,88117.8799160259,313707.3334247697,300220.2497779619,376436.96382816404
56,88117.8799160259,313707.3334247697,304869.96840109635,452739.76671502466
57,88117.8799160259,160677.19208425898,275636.53675403947,465096.4556961333
58,88117.8799160259,160677.19208425898,290389.7725539842,462908.5878884632
59,88117.8799160259,313707.3334247697,268659.50576653396,480421.9616356286
60,88117.8799160259,313707.3334247697,275917.5243363993,486287.7755007508
61,88117.8799160259,313707.3334247697,287218.08875520225,360873.41910482536
62,88117.8799160259,313707.3334247697,304100.4574516627,443217.1853717846
63,88117.8799160259,313707.3334247697,308810.27152251353,473444.6398656868
64,88117.8799160259,160677.19208425898,276859.0576607077,464514.2533666094
65,88117.8799160259,160677.19208425898,291677.72803558584,479382.78214112064
66,88117.8799160259,313707.3334247697,269851.0817486978,511958.6647603371
67,88117.8799160259,313707.3334247697,277141.2915367479,510217.6228495065
68,88117.8799160259,313707.3334247697,288491.97699885356,404049.76875787077
69,88117.8799160259,313707.3334247697,305449.22338222567,453247.5737909759
70,88117.8799160259,313707.3334247697,310179.9267616529,489094.7169324896
71,88117.8799160259,160677.19208425898,277095.87847726163,476895.3461035035
72,88117.8799160259,160677.19208425898,291927.2245651267,487931.74260742037
73,88117.8799160259,313707.3334247697,270081.9080962749,488888.6112459628
74,88117.8799160259,313707.3334247697,277378.353803099,496392.0051545455
75,88117.8799160259,313707.3334247697,288738.7485022938,404357.5255312556
76,88117.8799160259,313707.3334247697,305710.4997787185,464001.3971002144
77,88117.8799160259,313707.3334247697,310445.2497566259,502671.64780282584
78,88117.8799160259,160677.19208425898,283372.8160587888,481208.50069011183
79,88117.8799160259,160677.19208425898,298540.13039901503,498845.6510908381
80,88117.8799160259,313707.3334247697,276199.96108680975,516669.8349002023
81,88117.8799160259,313707.3334247697,283661.6901505529,517521.12960380496
82,88117.8799160259,313707.3334247697,295279.42710146523,409094.08304537233
83,88117.8799160259,313707.3334247697,312635.63245609927,452100.7917710054
84,88117.8799160259,313707.3334247697,317477.6367252076,490905.63002769713
85,88117.8799160259,160677.19208425898,277614.40164694545,471769.19673819956
86,88117.8799160259,160677.19208425898,292473.50133439724,493161.3699056956
87,88117.8799160259,313707.3334247697,270587.3062131303,519972.7718282606
88,88117.8799160259,313707.3334247697,277897.4055844605,489957.86179582553
89,88117.8799160259,313707.3334247697,289279.05875949876,387436.1211899828
90,88117.8799160259,313707.3334247697,306282.56883988733,417440.71451851685
91,88117.8799160259,313707.3334247697,311026.17886827164,488938.979093196
92,88117.8799160259,160677.19208425898,271868.21038270753,475725.9397446707
93,88117.8799160259,160677.19208425898,286419.74958497635,481181.1198736222
94,88117.8799160259,313707.3334247697,264986.565042054,468091.4237381858
95,88117.8799160259,313707.3334247697,272145.3565906603,498233.7157479533
96,88117.8799160259,313707.3334247697,283291.42706744786,398376.7840048889
97,88117.8799160259,313707.3334247697,299942.99059857277,460831.721823067
98,88117.8799160259,313707.3334247697,304588.415209198,486911.7969103486
99,88117.8799160259,160677.19208425898,270059.09512388473,473321.2707408683
100,88117.8799160259,160677.19208425898,284513.8028166896,477929.8964727722
101,88117.8799160259,313707.3334247697,263223.2428948537,518704.0872851078
102,88117.8799160259,313707.3334247697,270334.39709951164,510253.4363929411
103,88117.8799160259,313707.3334247697,281406.29735823185,378988.44897280016
104,88117.8799160259,313707.3334247697,297947.05499453435,449395.46664386726
105,88117.8799160259,313707.3334247697,302561.5671741405,501320.8577202307
106,88117.8799160259,160677.19208425898,263865.4218229462,471044.94624747155
107,88117.8799160259,160677.19208425898,277988.61791509105,485241.28856237314
108,88117.8799160259,313707.3334247697,257186.34655958877,527382.4725742089
109,88117.8799160259,313707.3334247697,264134.4099104222,508840.58056637563
110,88117.8799160259,313707.3334247697,274952.3815878033,359801.15835235285
111,88117.8799160259,313707.3334247697,291113.7849776275,455632.23584582884
112,88117.8799160259,313707.3334247697,295622.46560374496,491848.9101505352
113,88117.8799160259,160677.19208425898,263915.536982798,477323.39305922773
114,88117.8799160259,160677.19208425898,278041.4153872504,495176.8922719516
115,88117.8799160259,313707.3334247697,257235.19313801848,531702.9436466555
116,88117.8799160259,313707.3334247697,264184.5761245084,501517.93268590723
117,88117.8799160259,313707.3334247697,275004.60238123,376907.88012652285
118,88117.8799160259,313707.3334247697,291169.07532707986,448511.53778809373
119,88117.8799160259,313707.3334247697,295678.6122405588,489075.5036852085
120,88117.8799160259,160677.19208425898,270122.9226665839,470318.0569165658
121,88117.8799160259,160677.19208425898,284581.04660535965,488024.56447799195
122,88117.8799160259,313707.3334247697,263285.4547544681,516075.60154155554
123,88117.8799160259,313707.3334247697,270398.2896690678,491814.5840032006
124,88117.8799160259,313707.3334247697,281472.806680312,375078.3776050888
125,88117.8799160259,313707.3334247697,298017.4737499952,448039.3858697466
126,88117.8799160259,313707.3334247697,302633.07651531586,489082.98128106503
127,88117.8799160259,160677.19208425898,272626.3172934463,478783.71645883186
128,88117.8799160259,160677.19208425898,287218.4335141676,493658.48109969514
129,88117.8799160259,313707.3334247697,265725.48236914905,529301.183466155
130,88117.8799160259,313707.3334247697,272904.2362847994,516979.69298514276
131,88117.8799160259,313707.3334247697,284081.3876226428,385068.81747360114
132,88117.8799160259,313707.3334247697,300779.3842709211,431394.81982353947
133,88117.8799160259,313707.3334247697,305437.7626493616,485431.6219020927
134,88117.8799160259,160677.19208425898,279165.253824402,486235.5827713008
135,88117.8799160259,160677.19208425898,294107.3616542239,493515.37341718585
136,88117.8799160259,313707.3334247697,272098.9025227421,516030.37387845165
137,88117.8799160259,313707.3334247697,279449.83870019484,515388.09677420143
138,88117.8799160259,313707.3334247697,290895.07378394273,389993.81856093486
139,88117.8799160259,313707.3334247697,307993.57152671675,463594.0197514612
140,88117.8799160259,313707.3334247697,312763.6810164703,499711.76311114803
141,88117.8799160259,160677.19208425898,282150.27811217756,498711.0262461847
142,88117.8799160259,160677.19208425898,297252.1571115151,498783.21959053533
143,88117.8799160259,313707.3334247697,275008.3685992912,534700.2004616084
144,88117.8799160259,313707.3334247697,282437.90597076045,504878.6735176517
145,88117.8799160259,313707.3334247697,294005.52128379804,378514.15665513603
146,88117.8799160259,313707.3334247697,311286.84774763207,386783.4237605649
147,88117.8799160259,313707.3334247697,316107.9624921744,446469.91452722176
148,88117.8799160259,160677.19208425898,281281.98992686457,453693.30995788623
149,88117.8799160259,160677.19208425898,296337.39448804955,487884.053573195
150,88117.8799160259,313707.3334247697,274162.0589176538,497869.9421648457
151,88117.8799160259,313707.3334247697,281568.73265467206,499156.7335478708
152,88117.8799160259,313707.3334247697,293100.7498514765,387245.0269150118
153,88117.8799160259,313707.3334247697,310328.89479843277,446892.3549879483
154,88117.8799160259,313707.3334247697,315135.1730765305,492746.34069710464
155,88117.8799160259,160677.19208425898,279750.583007269,486832.32883352984
156,88117.8799160259,160677.19208425898,294724.0202147917,496932.53074415005
157,88117.8799160259,313707.3334247697,272669.4156563748,531906.2690014042
158,88117.8799160259,313707.3334247697,280035.7646174679,510026.38902872975
159,88117.8799160259,313707.3334247697,291504.99712070334,407215.4506515405
160,88117.8799160259,313707.3334247697,308639.34540556854,464241.1719857035
161,88117.8799160259,313707.3334247697,313419.45648228953,501432.9799417469
162,88117.8799160259,160677.19208425898,281050.39421361487,494908.5551669806
163,88117.8799160259,160677.19208425898,296093.4028175302,505726.6636167276
164,88117.8799160259,313707.3334247697,273936.3254741279,532149.7106979433
165,88117.8799160259,313707.3334247697,281336.900864026,515015.5904811749
166,88117.8799160259,313707.3334247697,292859.4231041305,415440.3459040865
167,88117.8799160259,313707.3334247697,310073.3830942569,453250.81198328803
168,88117.8799160259,313707.3334247697,314875.70409972477,509017.56469356414
169,88117.8799160259,160677.19208425898,277577.7492440722,496576.6142461146
170,88117.8799160259,160677.19208425898,292434.8871947046,473561.8185129211
171,88117.8799160259,313707.3334247697,270551.5816106754,516643.42629389284
172,88117.8799160259,313707.3334247697,277860.71584702766,508203.2411510489
173,88117.8799160259,313707.3334247697,289240.8663837678,411338.11304991547
174,88117.8799160259,313707.3334247697,306242.13149309956,469354.81079693284
175,88117.8799160259,313707.3334247697,310985.1152685783,503453.75883698487
176,88117.8799160259,160677.19208425898,282985.6497626796,502574.37412001
177,88117.8799160259,160677.19208425898,298132.241452996,514403.02789933886
178,88117.8799160259,313707.3334247697,275822.5950039434,539995.4624536431
179,88117.8799160259,313707.3334247697,283274.1292419433,523136.0774236299
180,88117.8799160259,313707.3334247697,294875.9932177449,420070.0657295868
181,88117.8799160259,313707.3334247697,312208.48501124943,458837.35878369573
182,88117.8799160259,313707.3334247697,317043.8738197931,489877.224030052
183,88117.8799160259,160677.19208425898,282064.50905292825,495686.65902754205
184,88117.8799160259,160677.19208425898,297161.7974358383,502899.53577113274
185,88117.8799160259,313707.3334247697,274924.77063924586,340761.9478713109
186,88117.8799160259,313707.3334247697,282352.04953450797,408793.5043078779
187,88117.8799160259,313707.3334247697,293916.1485584709,411820.35612470197
188,88117.8799160259,313707.3334247697,311192.22166476736,471036.82777561544
189,88117.8799160259,313707.3334247697,316011.87092463125,467143.4173004382
190,88117.8799160259,160677.19208425898,275771.62097570486,496375.4100800999
191,88117.8799160259,160677.19208425898,290532.0873319944,503063.0786658963
192,88117.8799160259,313707.3334247697,268791.1708733154,531716.8867741505
193,88117.8799160259,313707.3334247697,276052.74641195656,512947.1485533805
194,88117.8799160259,313707.3334247697,287358.84921903536,421246.36487897584
195,88117.8799160259,313707.3334247697,304249.49134023546,474238.26693529414
196,88117.8799160259,313707.3334247697,308961.6137434659,516618.1454866669
197,88117.8799160259,160677.19208425898,280981.83229937777,495680.09879083507
198,88117.8799160259,160677.19208425898,296021.17123497714,517663.1648357856
199,88117.8799160259,313707.3334247697,273869.49906820455,533036.78931617
200,88117.8799160259,313707.3334247697,281268.26908667607,485908.40945899225
201,88117.8799160259,313707.3334247697,292787.9804608635,407995.2140465065
202,88117.8799160259,313707.3334247697,309997.7410642148,464455.0045384334
203,88117.8799160259,313707.3334247697,314798.8905779172,497931.58080155053
204,88117.8799160259,160677.19208425898,280511.66838849185,498602.15996063163
205,88117.8799160259,160677.19208425898,295525.84214661043,513006.42812553456
206,88117.8799160259,313707.3334247697,273411.2361406329,538208.7338308848
207,88117.8799160259,313707.3334247697,280797.6258779626,528772.8491511634
208,88117.8799160259,313707.3334247697,292298.0614333739,424925.75629681157
209,88117.8799160259,313707.3334247697,309479.02514013916,475453.5636545035
210,88117.8799160259,313707.3334247697,314272.14093545143,513097.033052017
211,88117.8799160259,160677.19208425898,279195.9066864498,507844.1192504057
212,88117.8799160259,160677.19208425898,294139.6552739162,520029.57547263964
213,88117.8799160259,313707.3334247697,272128.77954748424,544323.5522195623
214,88117.8799160259,313707.3334247697,279480.5228563069,513216.42667014606
215,88117.8799160259,313707.3334247697,290927.01470968267,416976.7366745498
216,88117.8799160259,313707.3334247697,308027.38980429963,462262.4404588525
217,88117.8799160259,313707.3334247697,312798.02310543257,502993.1067607246
218,88117.8799160259,160677.19208425898,279633.41220836516,485591.83778324083
219,88117.8799160259,160677.19208425898,294600.5779672912,503650.1990862157
220,88117.8799160259,313707.3334247697,272555.21075595793,538480.4204711417
221,88117.8799160259,313707.3334247697,279918.47438865347,524151.11500155885
222,88117.8799160259,313707.3334247697,291382.9031367634,410457.4956871871
223,88117.8799160259,313707.3334247697,308510.0748350894,481907.16963585996
224,88117.8799160259,313707.3334247697,313288.1838240611,504994.6819480327
225,88117.8799160259,160677.19208425898,275626.035427602,488187.9770391082
226,88117.8799160259,160677.19208425898,290378.7094182465,504977.4059881614
227,88117.8799160259,313707.3334247697,268649.2704423673,539130.7672844313
228,88117.8799160259,313707.3334247697,275907.01244665764,512919.8843261163
229,88117.8799160259,313707.3334247697,287207.1465209661,401843.168464116
230,88117.8799160259,313707.3334247697,304088.8717333161,482890.8772310251
231,88117.8799160259,313707.3334247697,308798.5065044974,507703.8110719973
232,88117.8799160259,160677.19208425898,276874.9911164609,478047.3572935535
233,88117.8799160259,160677.19208425898,291694.51449964335,495455.0215988814
234,88117.8799160259,313707.3334247697,269866.61201873864,540897.5741495449
235,88117.8799160259,313707.3334247697,277157.24133240164,516942.2874741172
236,88117.8799160259,313707.3334247697,288508.5801651017,390450.8387018886
237,88117.8799160259,313707.3334247697,305466.8022514726,474488.11714037345
238,88117.8799160259,313707.3334247697,310197.7779803427,481544.13282789075
239,88117.8799160259,160677.19208425898,282676.28153795743,464567.47645374824
240,88117.8799160259,160677.19208425898,297806.31449915044,479819.7521147389
241,88117.8799160259,313707.3334247697,275521.0576197634,533246.5856519578
242,88117.8799160259,313707.3334247697,282964.4456268984,514394.9307144744
243,88117.8799160259,313707.3334247697,294553.6260827237,374320.13400824356
244,88117.8799160259,313707.3334247697,311867.1695201648,384769.66957239254
245,88117.8799160259,313707.3334247697,316697.2721241033,472964.84044016624
246,88117.8799160259,160677.19208425898,280960.1574486395,452508.14039736794
247,88117.8799160259,160677.19208425898,295998.3361379124,464449.3226418593
248,88117.8799160259,313707.3334247697,273848.37277833815,518091.1091633118
249,88117.8799160259,313707.3334247697,281246.5720782402,501261.7547885795
250,88117.8799160259,313707.3334247697,292765.39474259,380785.2034976544
251,88117.8799160259,313707.3334247697,309973.82791805896,468675.7688719858
252,88117.8799160259,313707.3334247697,314774.6070126843,500536.93959840835
253,88117.8799160259,160677.19208425898,282136.82387517055,474891.9887340457
254,88117.8799160259,160677.19208425898,297237.9826819974,486635.8050034954
255,88117.8799160259,313707.3334247697,274995.2548759937,540676.7394706185
256,88117.8799160259,313707.3334247697,282424.437983829,517390.2716449278
257,88117.8799160259,313707.3334247697,293991.5016531102,390701.633425852
258,88117.8799160259,313707.3334247697,311272.0041339196,484976.2082984126
259,88117.8799160259,313707.3334247697,316092.8889520008,504632.2261267437
260,88117.8799160259,160677.19208425898,284037.43254828476,483486.144308869
261,88117.8799160259,160677.19208425898,299240.31995307,489241.7130529583
262,88117.8799160259,313707.3334247697,276847.75449771015,543181.0092647953
263,88117.8799160259,313707.3334247697,284326.9841445683,519312.7331428834
264,88117.8799160259,313707.3334247697,295971.9690656627,396955.1106846798
265,88117.8799160259,313707.3334247697,313368.88131982734,493689.58336958557
266,88117.8799160259,313707.3334247697,318222.2419072507,497696.3282701049
267,88117.8799160259,160677.19208425898,278699.0839274187,471499.80370037316
268,88117.8799160259,160677.19208425898,293616.2403105578,490632.8265899349
269,88117.8799160259,313707.3334247697,271644.5324785274,538354.2756311826
270,88117.8799160259,313707.3334247697,278983.19355254713,520126.38023718284
271,88117.8799160259,313707.3334247697,290409.31653177505,390951.82998901774
272,88117.8799160259,313707.3334247697,307479.26205614296,488992.9939444035
273,88117.8799160259,313707.3334247697,312241.4060498606,498778.36925136426
274,88117.8799160259,160677.19208425898,287702.52456951473,461128.87887651956
275,88117.8799160259,160677.19208425898,303101.58326628443,473328.7573667535
276,88117.8799160259,313707.3334247697,280420.0741501356,533078.4399728241
277,88117.8799160259,313707.3334247697,287995.81242661376,522559.67912358494
278,88117.8799160259,313707.3334247697,299791.0590480642,390880.2232895044
279,88117.8799160259,313707.3334247697,317412.45324493403,489126.8463619673
280,88117.8799160259,313707.3334247697,322328.4394430996,506606.6686032836
281,88117.8799160259,160677.19208425898,291847.5159105184,490143.45091087476
282,88117.8799160259,160677.19208425898,307468.43204557366,495601.3824132285
283,88117.8799160259,313707.3334247697,284460.14563331526,550470.5526256482
284,88117.8799160259,313707.3334247697,292145.0291912207,529612.8239771886
285,88117.8799160259,313707.3334247697,304110.21238530276,406595.7925884282
286,88117.8799160259,313707.3334247697,321985.48182452726,483505.729412056
287,88117.8799160259,313707.3334247697,326972.2936438135,496950.30947699334
288,88117.8799160259,160677.19208425898,291882.6705581782,488726.7644718983
289,88117.8799160259,160677.19208425898,307505.4682810035,504955.6672323864
290,88117.8799160259,313707.3334247697,284494.41040451126,556012.5040031272
291,88117.8799160259,313707.3334247697,292180.2196557538,533767.6326393286
292,88117.8799160259,313707.3334247697,304146.84409528796,404051.7945703408
293,88117.8799160259,313707.3334247697,322024.2667512518,502554.2420186315
294,88117.8799160259,313707.3334247697,327011.67924006085,520557.24805207615
295,88117.8799160259,160677.19208425898,296638.9180925302,490803.9000682991
296,88117.8799160259,160677.19208425898,312516.29034961894,500881.17644910247
297,88117.8799160259,313707.3334247697,289130.2657524341,553928.1971199932
298,88117.8799160259,313707.3334247697,296941.31577567407,540892.3463697776
299,88117.8799160259,313707.3334247697,309102.9371608481,384061.0272561186
300,88117.8799160259,313707.3334247697,327271.67360165046,490798.94127871876
301,88117.8799160259,313707.3334247697,332340.356311871,503241.97872521845
302,88117.8799160259,160677.19208425898,287045.89610782405,469241.3580256035
303,88117.8799160259,160677.19208425898,302409.8092016309,479433.4003938296
304,88117.8799160259,313707.3334247697,279780.066505949,458720.6953126627
305,88117.8799160259,313707.3334247697,287338.51455473,503377.39285155357
306,88117.8799160259,313707.3334247697,299106.84063451074,381478.07560269395
307,88117.8799160259,313707.3334247697,316688.0172882097,471750.75876402523
308,88117.8799160259,313707.3334247697,321592.7836127687,456946.5388045037
309,88117.8799160259,160677.19208425898,288180.1687364967,436547.34915967344
310,88117.8799160259,160677.19208425898,303604.792973016,473119.8221258783
311,88117.8799160259,313707.3334247697,280885.62798132416,527152.4548139154
312,88117.8799160259,313707.3334247697,288473.9435101038,481956.25264359004
313,88117.8799160259,313707.3334247697,300288.7726172746,381830.65846668405
314,88117.8799160259,313707.3334247697,317939.4218803736,477466.39477040444
315,88117.8799160259,313707.3334247697,322863.5696058487,480124.6795513939
316,88117.8799160259,160677.19208425898,282873.72962699446,469452.5730919684
317,88117.8799160259,160677.19208425898,298014.3307733642,483766.3569383056
318,88117.8799160259,313707.3334247697,275713.5077656099,542571.4917639676
319,88117.8799160259,313707.3334247697,283162.0949579997,525995.5301261566
320,88117.8799160259,313707.3334247697,294759.3703509231,380486.9709827383
321,88117.8799160259,313707.3334247697,312085.00729994354,478535.6821530114
322,88117.8799160259,313707.3334247697,316918.48367057275,502263.22049806674
323,88117.8799160259,160677.19208425898,278971.8082692391,475955.411832523
324,88117.8799160259,160677.19208425898,293903.5620276599,478447.4164944171
325,88117.8799160259,313707.3334247697,271910.3535129299,539128.056642637
326,88117.8799160259,313707.3334247697,279256.1959198812,533731.9438332784
327,88117.8799160259,313707.3334247697,290693.50007807335,451325.2554491816
328,88117.8799160259,313707.3334247697,307780.14958939195,482486.80788888707
329,88117.8799160259,313707.3334247697,312546.95364280394,505208.0608756872
330,88117.8799160259,160677.19208425898,278590.14226221753,536966.8402038803
331,88117.8799160259,160677.19208425898,293501.46763355343,515200.6641258051
332,88117.8799160259,313707.3334247697,271538.34839735675,251509.36533757826
333,88117.8799160259,313707.3334247697,278874.1408349591,416529.8033076367
334,88117.8799160259,313707.3334247697,290295.79742242873,471794.93672559765
335,88117.8799160259,313707.3334247697,307359.0704070592,523303.14107899583
336,88117.8799160259,313707.3334247697,312119.35291363846,516719.15727870615
337,88117.8799160259,160677.19208425898,269543.06821289007,478940.50026155374
338,88117.8799160259,160677.19208425898,283970.1558878571,476725.7589622251
339,88117.8799160259,313707.3334247697,262720.2778300964,518283.6560025236
340,88117.8799160259,313707.3334247697,269817.8441063164,505035.6559753557
341,88117.8799160259,313707.3334247697,280868.5882106031,389616.625117984
342,88117.8799160259,313707.3334247697,297377.73996680416,471299.2873489895
343,88117.8799160259,313707.3334247697,301983.4347349049,483454.4330084746
344,88117.8799160259,160677.19208425898,279234.56461624586,477390.13125861617
345,88117.8799160259,160677.19208425898,294180.3821889083,488112.8210389547
346,88117.8799160259,313707.3334247697,272166.4588442949,529681.2374042121
347,88117.8799160259,313707.3334247697,279519.22011399455,512042.8416896842
348,88117.8799160259,313707.3334247697,290967.29676008254,378234.21301827056
349,88117.8799160259,313707.3334247697,308070.03976679046,471169.1905574274
350,88117.8799160259,313707.3334247697,312841.3335400009,475044.36694228544
351,88117.8799160259,160677.19208425898,286816.0477756568,484923.5310262205
352,88117.8799160259,160677.19208425898,302167.6584194181,493779.9017945691
353,88117.8799160259,313707.3334247697,279556.03619889176,538362.3653905465
354,88117.8799160259,313707.3334247697,287108.4319158002,538199.3649600089
355,88117.8799160259,313707.3334247697,298867.33466386807,460193.95246913424
356,88117.8799160259,313707.3334247697,316434.43340744096,467109.1281283357
357,88117.8799160259,313707.3334247697,321335.27230664995,486314.4173664225
358,88117.8799160259,160677.19208425898,283123.7806146009,352209.3175934048
359,88117.8799160259,160677.19208425898,298277.7654572263,332793.00505528983
360,88117.8799160259,313707.3334247697,275957.2292893068,486556.7609924099
361,88117.8799160259,313707.3334247697,283412.40080163145,527863.2127978851
362,88117.8799160259,313707.3334247697,295019.9277351174,452364.50792958227
363,88117.8799160259,313707.3334247697,312360.8800736612,459678.2950336637
364,88117.8799160259,313707.3334247697,317198.6290293191,479721.13180517236
365,88117.8799160259,160677.19208425898,279046.8519360965,392027.297641451
