day_of_year,demand,normalized_demand
1,409236.0329996524,0.7134794474495403
2,469727.5050002017,0.8189428439691667
3,498609.8856455148,0.869297610710498
4,495305.1137305563,0.8635359312646577
5,489262.95206034486,0.8530017704815408
6,398146.07623477466,0.6941447467223172
7,449659.8153210073,0.7839559831129707
8,449485.64538283367,0.7836523278596941
9,453897.87846878235,0.7913448020563245
10,462285.246467217,0.8059676949653763
11,500053.45825763134,0.871814396395514
12,473025.5177577932,0.8246927392135327
13,338514.06640571513,0.5901797729850728
14,380480.17260128027,0.6633452614699198
15,396777.68719936087,0.6917590392719573
16,426471.32439165475,0.7435281850664649
17,436425.0629240214,0.7608819547628303
18,490720.9758891666,0.8555437510303476
19,477573.5436549823,0.8326219603535379
20,363012.3724018694,0.6328911581421094
21,433695.3767987869,0.756122904260685
22,443165.9757091018,0.7726343478596738
23,436841.3143024508,0.7616076650608826
24,453172.7022102571,0.7900804990269856
25,521602.5977661202,0.9093840796827692
26,490030.5983551312,0.8543401175724026
27,364180.95158346376,0.6349285086233797
28,457559.1843800634,0.7977280779848319
29,475750.52222202485,0.8294436275094301
30,452666.310408546,0.7891976340939308
31,474924.2808307716,0.8280031232435415
32,500175.74480653094,0.872027595948593
33,486810.6147226227,0.8487262616123612
34,363688.0904305283,0.6340692335969647
35,407546.94241479033,0.7105346153233315
36,475796.23305643396,0.8295233217158215
37,442351.15605703584,0.7712137567380519
38,471281.4480830594,0.8216520542114776
39,520096.5551979465,0.9067583812282615
40,510607.60161730554,0.8902149373189716
41,366434.7843903565,0.6388579362789031
42,416635.4311550624,0.7263798718542153
43,508576.6897893458,0.8866741595477418
44,460341.16974173754,0.8025783091927512
45,461723.8220773695,0.8049888838853329
46,539950.1593200801,0.9413719962491895
47,517090.4267440392,0.901517369451916
48,393937.17621159065,0.6868067720066005
49,423674.94939014665,0.7386528663504822
50,476770.02582594,0.8312210733092598
51,482086.6165348274,0.8404902429214468
52,496381.93706376036,0.8654133107103134
53,531957.9796500065,0.927438091423838
54,506286.43919463345,0.8826812395771835
55,389080.4051490483,0.6783392714576091
56,467797.2334791508,0.815577526775145
57,480186.99546876067,0.8371783630299174
58,477865.98949345323,0.8331318228251089
59,495771.9605213755,0.8643498517494103
60,501815.2902291747,0.8748860489387708
61,372653.84740997286,0.6497005143734217
62,457649.8760402,0.7978861936695341
63,488653.15460372774,0.8519386237463566
64,479386.45496874035,0.8357826667872653
65,494712.9748219823,0.8625035711906779
66,528482.5426606004,0.9213788672527122
67,526511.8757128617,0.9179431229594405
68,417059.5143383135,0.7271192364527839
69,468041.5774666755,0.8160035264407386
70,504863.5983895296,0.880200598603335
71,492249.8050114229,0.8582091765291652
72,503537.46092121955,0.8778885543261079
73,503954.87267550547,0.8786162876726168
74,512768.75379046303,0.8939827816289082
75,417769.1268788666,0.7283564050364641
76,479291.0244671635,0.8356162892055167
77,518647.9040775916,0.9042327414567048
78,496567.198588703,0.8657363035061355
79,514590.114847894,0.8971582197039397
80,533388.0938993562,0.9299314132287061
81,534116.5804192491,0.9312014875080356
82,422688.8842055233,0.7369337185083007
83,466981.76370792964,0.8141558022082294
84,506806.9657900557,0.8835887477087682
85,486772.6046325385,0.8486599932100606
86,509039.3410218366,0.8874807653182548
87,536458.5087782372,0.9352845046834527
88,506089.4966147053,0.8823378815349396
89,400517.8137395221,0.6982797344260613
90,431334.96054119297,0.752007654499136
91,504805.7936119448,0.8800998193037488
92,490904.7071698758,0.8558640759335062
93,496625.93091469933,0.8658386999329412
94,482653.69905903284,0.8414789186327782
95,514051.34780548234,0.896218910403861
96,411581.4476149277,0.7175685427119511
97,475742.84794761345,0.8294302478541087
98,502614.3037490884,0.8762790829795761
99,488341.87962533685,0.8513959337540817
100,493178.3383950714,0.8598280209907538
101,535162.9616837386,0.9330257929606547
102,526511.3847356797,0.9179422669690089
103,391452.71245700214,0.6824752525804171
104,463894.65249247267,0.8087736016525383
105,517521.57825519994,0.9022690572729888
106,486028.77692751767,0.8473631724582662
107,500717.2209803949,0.8729716284632858
108,544141.870896225,0.9486800038977199
109,525026.6022129309,0.9153536341789085
110,372079.27740201773,0.6486987846655266
111,470335.9755444786,0.8200036773091292
112,507603.041955051,0.8849766606404945
113,492448.9479202311,0.8585563707180505
114,510860.3994096375,0.8906556757062231
115,548744.6997784231,0.9567047708848886
116,517685.71364673873,0.9025552178722978
117,389146.23597537895,0.678454043710803
118,463043.1873202148,0.8072891211776101
119,504690.906194333,0.8798995197098061
120,485100.2310282206,0.8457443061763654
121,503674.551941714,0.8781275646225271
122,532488.0016501311,0.928362154246491
123,507592.09975693177,0.8849575835484537
124,387522.0920115828,0.6756224422768482
125,462548.1233305471,0.806426005632258
126,504575.1698209704,0.8796977400104201
127,493802.41488496854,0.8609160623978467
128,509175.1833692364,0.8877175986250696
129,545992.4738333893,0.9519064235054422
130,533219.2940251471,0.9296371203725823
131,397600.7648011777,0.6931940276532293
132,445475.74040703085,0.7766612895449829
133,501024.6663313426,0.8735076417207384
134,501383.1928441557,0.8741327120411178
135,509207.4631457678,0.8877738765558143
136,532824.9622519974,0.9289496256435469
137,531669.053013694,0.926934364478489
138,402525.55589272914,0.7017801172041646
139,478418.551015067,0.8340951820049766
140,515433.28071247577,0.8986282308140577
141,514263.6970113975,0.8965891290109377
142,514738.0439994298,0.8974161256574449
143,551634.8783812813,0.9617436307758003
144,521262.79560341703,0.9087916541880967
145,390751.67763257277,0.6812530387506364
146,399326.30331355345,0.6962024046412932
147,461080.5216220164,0.80386732660196
148,468725.1808056054,0.8171953494797788
149,503239.55604161264,0.8773691743308115
150,514208.7423692542,0.8964933187582974
151,515186.0473121022,0.8981971936236212
152,399818.10041500983,0.6970598245552545
153,461708.5761909919,0.8049623035607489
154,508511.4903623048,0.8865604881028344
155,502407.9839095086,0.8759193762253535
156,512853.4944282286,0.8941305220489448
157,548842.6252919476,0.9568754983762304
158,526231.1611906843,0.9174537133619862
159,420554.94845055323,0.7332133244555361
160,479254.4901885596,0.8355525937955103
161,517670.5442600762,0.9025287709205598
162,510817.5868371988,0.8905810344526083
163,521806.5567629949,0.9097396704437437
164,549135.2159560594,0.9573856133429629
165,531510.499020404,0.9266579347254823
166,428947.05841431115,0.7478444847079444
167,467961.05796088115,0.8158631453211144
168,525497.5207083373,0.9161746534460379
169,512401.3642873799,0.8933422591955898
170,489021.15366831125,0.8525802089150342
171,533231.8608410623,0.9296590298921562
172,524468.6486656802,0.9143808743129773
173,424744.7440807337,0.7405179917626552
174,484690.4624445798,0.8450298982575533
175,519577.772169059,0.9058539129044832
176,518546.7440169821,0.9040563747188627
177,530756.7652895821,0.92534384338839
178,557054.5262882747,0.9711924746757605
179,539733.6517256907,0.9409945277313728
180,433687.6853701454,0.7561094946979516
181,473830.9368709188,0.826096941037077
182,505529.6199784207,0.881361768874067
183,511606.72668123484,0.8919568543083435
184,519064.38849375065,0.9049588580426136
185,352346.51775901456,0.6142958550321127
186,422209.5878069607,0.7360980928496693
187,425326.5123273803,0.7415322711850184
188,486619.7033153512,0.8483934185721884
189,483445.4009522046,0.8428592052735819
190,512708.7353193204,0.8938781428821349
191,519449.5737697452,0.9056304063807886
192,548783.6853290186,0.9567727399463947
193,529401.6818301645,0.9229813334432453
194,435115.38071902725,0.7585985992892068
195,489762.7416101882,0.8538731247688198
196,533248.360407886,0.9296877959363734
197,511643.6095790518,0.8920211575158639
198,534352.5546612958,0.9316128950045693
199,550096.1986749074,0.959061031351066
200,501292.8280815204,0.8739751662833765
201,421191.7566369319,0.7343235628419716
202,479590.9844068657,0.8361392520796972
203,513992.7679131909,0.8961167797364381
204,514558.5726719674,0.8971032277373563
205,529298.488900103,0.9228014225146272
206,555416.2696799278,0.9683362686590611
207,545672.2007864288,0.9513480458989947
208,438703.93149148027,0.7648550308245906
209,491132.5468735611,0.8562613013310376
210,529657.738043994,0.92342775270066
211,524063.82398282364,0.9136750858003644
212,536543.9762893005,0.9354335123652089
213,561782.8282935593,0.9794359968245246
214,529494.9011010298,0.9231438558716374
215,430691.22806014895,0.7508853440038601
216,477499.31391843787,0.8324925450842473
217,519430.3505070094,0.9055968917296608
218,501399.92842216924,0.8741618895572478
219,519998.9886458816,0.9065882795655448
220,555843.3263010111,0.9690808172751905
221,540858.8891894107,0.9429563144244453
222,424027.5262125449,0.739267563728385
223,497670.29301738215,0.8676594850932743
224,521154.01312710956,0.9086019982076124
225,503918.25790692645,0.8785524519329758
226,521149.5010480662,0.9085941316577412
227,556478.1327584062,0.9701875657624627
228,529448.6964566122,0.9230633007359446
229,415166.61195314425,0.7238190701943361
230,498852.6182387105,0.8697208010029116
231,524108.99570509215,0.9137538400957969
232,493446.3240979161,0.8602952386250088
233,511447.96211885137,0.8916800574402534
234,558206.2763874297,0.9732004846213211
235,533656.2973646274,0.9303990105192064
236,403268.8828908875,0.7030760650023898
237,490134.84903340694,0.8545218726240953
238,497005.83325968764,0.8665010377852566
239,479420.93851412117,0.8358427868620399
240,495270.31440851715,0.8634752606514712
241,550409.4340327734,0.9596071391520181
242,530910.0880997772,0.9256111528750391
243,386646.3472895654,0.674095631805659
244,397364.82095318876,0.6927826731469842
245,488499.9824636195,0.8516715769443239
246,467213.44481872575,0.814559724877755
247,479269.4447804274,0.8355786662648979
248,534597.7978114993,0.9320404623084927
249,517174.49380910496,0.901663935536755
250,393256.66052886617,0.6856203321182747
251,484082.76054356334,0.8439704050028338
252,516578.8461299321,0.9006254581233762
253,490169.7434545584,0.8545827090371055
254,502321.29965159233,0.8757682472155561
255,557878.9226434336,0.9726297622275111
256,533661.1980001957,0.9304075544949941
257,403471.70043103665,0.7034296656993226
258,500497.54414912825,0.8725886345635533
259,520758.0143163492,0.9079115970945407
260,498777.17396386457,0.8695892682560619
261,504943.0569081424,0.8803391299529316
262,560405.0986729085,0.9770340046019151
263,535791.3970267934,0.9341214337771145
264,409905.6474525341,0.714646881671655
265,509548.86032224813,0.8883690828651185
266,513735.2750854726,0.8956678558254716
267,486573.49491222674,0.8483128568834067
268,506321.4283427703,0.8827422411412356
269,555369.0147824346,0.9682538824676359
270,536903.5563638491,0.9360604195097785
271,403769.0755551702,0.7039481220964704
272,504778.91769215564,0.8800529626859179
273,514883.4356167602,0.8976696075662504
274,475870.85607581394,0.8296534226510788
275,488348.5851274739,0.8514076244107538
276,549924.1315896837,0.9587610423007621
277,539246.2000708119,0.9401446838531785
278,403579.159352962,0.7036170141389917
279,504941.99093214184,0.8803372714851856
280,522785.75193630485,0.9114468408169816
281,505766.6671601642,0.8817750469791501
282,511273.6506638095,0.8913761554604698
283,567901.2929362126,0.9901031874442803
284,546453.8144891076,0.9527107443608546
285,419871.74837006343,0.7320222044743546
286,499006.4380676771,0.8699889770131554
287,513093.197567438,0.89454843066286
288,504331.78618808754,0.8792734146678184
289,521072.4897169128,0.9084598668384976
290,573577.8857576622,1.0
291,550461.8255011041,0.9596984806587806
292,417201.4528758723,0.7273666981159395
293,518349.1847942836,0.9037119415954734
294,536818.3102162681,0.935911797762501
295,506052.18348358147,0.8822728282404344
296,516581.3934306283,0.90062989919539
297,571227.3403645476,0.9959019595220102
298,557988.2247523753,0.9728203241575571
299,396557.6791093841,0.6913754678417474
300,506357.67089845554,0.8828054279491393
301,519098.5963211313,0.9050184974189389
302,484061.4313361191,0.8439332187584302
303,494386.6200956418,0.8619345905265969
304,473201.99616200366,0.8250004191443538
305,519380.5944868613,0.9055101449749766
306,393948.0624462006,0.686825751529487
307,486747.0965536337,0.8486155213440102
308,471577.80828773126,0.8221687411550134
309,450096.03234193183,0.7847165023584928
310,487857.2171119575,0.8505509525834092
311,543722.8149986955,0.947949404082185
312,497104.0067978744,0.8666721976933082
313,394026.0613774271,0.6869617381725625
314,492439.8903096942,0.8585405792958883
315,495621.44977058563,0.8640874449263315
316,484283.9068188583,0.8443210919457749
317,499001.8527728177,0.8699809828157269
318,559675.0822143028,0.9757612629625798
319,542639.3528103804,0.9460604501751076
320,392846.5563310764,0.6849053390755285
321,493873.3069882138,0.8610396586957612
322,518214.3007938421,0.9034767791113701
323,490871.130594138,0.8558055371080537
324,493705.7571265973,0.8607475451645793
325,556077.6354884548,0.9694893218449476
326,550559.3277997917,0.9598684702994357
327,466154.4401767338,0.812713411293693
328,497778.58502274443,0.8678482859659217
329,521323.4887010956,0.9088974691073702
330,554184.9983438331,0.9661896180181141
331,531799.9043595254,0.9271624962616009
332,259915.252249444,0.45314726858081605
333,430130.84672972775,0.7499083514378357
334,487103.41799879936,0.8492367472559803
335,540530.2078896498,0.9423832775136398
336,533245.2376389195,0.929682351568583
337,494136.977445197,0.8614993529474579
338,491709.7301330696,0.8572675870924666
339,534549.1109397309,0.9319555795524148
340,520890.9122649414,0.9081432970116613
341,402290.3889587094,0.7013701172026667
342,486172.6968987149,0.8476140886368199
343,498674.31561326724,0.8694099406474644
344,492336.1449771154,0.8583597052853051
345,503304.2240132314,0.8774819192138074
346,546375.3915405042,0.9525740184679101
347,528015.0029339733,0.9205637386742986
348,390402.2483771569,0.6806438289744361
349,486063.65523409774,0.8474239807764495
350,490303.2088163485,0.8548153982064479
351,500212.4267054807,0.872091548726168
352,509441.985310246,0.8881827524387615
353,555630.2755440632,0.9687093755543045
354,555597.2738156805,0.9686518389420987
355,475539.5852415736,0.8290758710360915
356,482541.6112234725,0.8412834999488583
357,502464.29495446454,0.8760175512881553
358,364454.99304121884,0.635406284117449
359,343847.90564687713,0.5994790144195927
360,503210.4748109939,0.8773184728805972
361,545396.1308257848,0.9508667338270006
362,467885.7598888398,0.8157318674704318
363,475058.2997820093,0.8282367775641934
364,495678.5994652558,0.8641870821265953
365,405305.8560743802,0.7066274103977969
