day_of_year,demand_mwh_baseline,demand_mwh_Iron_and_Steel,demand_mwh_Aluminum,demand_mwh_Cement,demand_mwh_Chemicals,demand_mwh_Refineries,demand_mwh_Glass,demand_mwh_Light_Duty_Transport,demand_mwh_Heavy_Duty_Transport,demand_mwh_aviation,demand_mwh_total
1,126069.02332931508,0.0,0.0,0.0,0.0,0.0,0.0,0.0,0.0,0,126069.02332931508
2,126069.02332931508,0.0,0.0,0.0,0.0,0.0,0.0,0.0,0.0,0,126069.02332931508
3,126069.02332931508,0.0,0.0,0.0,0.0,0.0,0.0,0.0,0.0,0,126069.02332931508
4,126069.02332931508,0.0,0.0,0.0,0.0,0.0,0.0,0.0,0.0,0,126069.02332931508
5,126069.02332931508,0.0,0.0,0.0,0.0,0.0,0.0,0.0,0.0,0,126069.02332931508
6,126069.02332931508,0.0,0.0,0.0,0.0,0.0,0.0,0.0,0.0,0,126069.02332931508
7,126069.02332931508,0.0,0.0,0.0,0.0,0.0,0.0,0.0,0.0,0,126069.02332931508
8,126069.02332931508,0.0,0.0,0.0,0.0,0.0,0.0,0.0,0.0,0,126069.02332931508
9,126069.02332931508,0.0,0.0,0.0,0.0,0.0,0.0,0.0,0.0,0,126069.02332931508
10,126069.02332931508,0.0,0.0,0.0,0.0,0.0,0.0,0.0,0.0,0,126069.02332931508
11,126069.02332931508,0.0,0.0,0.0,0.0,0.0,0.0,0.0,0.0,0,126069.02332931508
12,126069.02332931508,0.0,0.0,0.0,0.0,0.0,0.0,0.0,0.0,0,126069.02332931508
13,126069.02332931508,0.0,0.0,0.0,0.0,0.0,0.0,0.0,0.0,0,126069.02332931508
14,126069.02332931508,0.0,0.0,0.0,0.0,0.0,0.0,0.0,0.0,0,126069.02332931508
15,126069.02332931508,0.0,0.0,0.0,0.0,0.0,0.0,0.0,0.0,0,126069.02332931508
16,126069.02332931508,0.0,0.0,0.0,0.0,0.0,0.0,0.0,0.0,0,126069.02332931508
17,126069.02332931508,0.0,0.0,0.0,0.0,0.0,0.0,0.0,0.0,0,126069.02332931508
18,126069.02332931508,0.0,0.0,0.0,0.0,0.0,0.0,0.0,0.0,0,126069.02332931508
19,126069.02332931508,0.0,0.0,0.0,0.0,0.0,0.0,0.0,0.0,0,126069.02332931508
20,126069.02332931508,0.0,0.0,0.0,0.0,0.0,0.0,0.0,0.0,0,126069.02332931508
21,126069.02332931508,0.0,0.0,0.0,0.0,0.0,0.0,0.0,0.0,0,126069.02332931508
22,126069.02332931508,0.0,0.0,0.0,0.0,0.0,0.0,0.0,0.0,0,126069.02332931508
23,126069.02332931508,0.0,0.0,0.0,0.0,0.0,0.0,0.0,0.0,0,126069.02332931508
24,126069.02332931508,0.0,0.0,0.0,0.0,0.0,0.0,0.0,0.0,0,126069.02332931508
25,126069.02332931508,0.0,0.0,0.0,0.0,0.0,0.0,0.0,0.0,0,126069.02332931508
26,126069.02332931508,0.0,0.0,0.0,0.0,0.0,0.0,0.0,0.0,0,126069.02332931508
27,126069.02332931508,0.0,0.0,0.0,0.0,0.0,0.0,0.0,0.0,0,126069.02332931508
28,126069.02332931508,0.0,0.0,0.0,0.0,0.0,0.0,0.0,0.0,0,126069.02332931508
29,126069.02332931508,0.0,0.0,0.0,0.0,0.0,0.0,0.0,0.0,0,126069.02332931508
30,126069.02332931508,0.0,0.0,0.0,0.0,0.0,0.0,0.0,0.0,0,126069.02332931508
31,126069.02332931508,0.0,0.0,0.0,0.0,0.0,0.0,0.0,0.0,0,126069.02332931508
32,126069.02332931508,0.0,0.0,0.0,0.0,0.0,0.0,0.0,0.0,0,126069.02332931508
33,126069.02332931508,0.0,0.0,0.0,0.0,0.0,0.0,0.0,0.0,0,126069.02332931508
34,126069.02332931508,0.0,0.0,0.0,0.0,0.0,0.0,0.0,0.0,0,126069.02332931508
35,126069.02332931508,0.0,0.0,0.0,0.0,0.0,0.0,0.0,0.0,0,126069.02332931508
36,126069.02332931508,0.0,0.0,0.0,0.0,0.0,0.0,0.0,0.0,0,126069.02332931508
37,126069.02332931508,0.0,0.0,0.0,0.0,0.0,0.0,0.0,0.0,0,126069.02332931508
38,126069.02332931508,0.0,0.0,0.0,0.0,0.0,0.0,0.0,0.0,0,126069.02332931508
39,126069.02332931508,0.0,0.0,0.0,0.0,0.0,0.0,0.0,0.0,0,126069.02332931508
40,126069.02332931508,0.0,0.0,0.0,0.0,0.0,0.0,0.0,0.0,0,126069.02332931508
41,126069.02332931508,0.0,0.0,0.0,0.0,0.0,0.0,0.0,0.0,0,126069.02332931508
42,126069.02332931508,0.0,0.0,0.0,0.0,0.0,0.0,0.0,0.0,0,126069.02332931508
43,126069.02332931508,0.0,0.0,0.0,0.0,0.0,0.0,0.0,0.0,0,126069.02332931508
44,126069.02332931508,0.0,0.0,0.0,0.0,0.0,0.0,0.0,0.0,0,126069.02332931508
45,126069.02332931508,0.0,0.0,0.0,0.0,0.0,0.0,0.0,0.0,0,126069.02332931508
46,126069.02332931508,0.0,0.0,0.0,0.0,0.0,0.0,0.0,0.0,0,126069.02332931508
47,126069.02332931508,0.0,0.0,0.0,0.0,0.0,0.0,0.0,0.0,0,126069.02332931508
48,126069.02332931508,0.0,0.0,0.0,0.0,0.0,0.0,0.0,0.0,0,126069.02332931508
49,126069.02332931508,0.0,0.0,0.0,0.0,0.0,0.0,0.0,0.0,0,126069.02332931508
50,126069.02332931508,0.0,0.0,0.0,0.0,0.0,0.0,0.0,0.0,0,126069.02332931508
51,126069.02332931508,0.0,0.0,0.0,0.0,0.0,0.0,0.0,0.0,0,126069.02332931508
52,126069.02332931508,0.0,0.0,0.0,0.0,0.0,0.0,0.0,0.0,0,126069.02332931508
53,126069.02332931508,0.0,0.0,0.0,0.0,0.0,0.0,0.0,0.0,0,126069.02332931508
54,126069.02332931508,0.0,0.0,0.0,0.0,0.0,0.0,0.0,0.0,0,126069.02332931508
55,126069.02332931508,0.0,0.0,0.0,0.0,0.0,0.0,0.0,0.0,0,126069.02332931508
56,126069.02332931508,0.0,0.0,0.0,0.0,0.0,0.0,0.0,0.0,0,126069.02332931508
57,126069.02332931508,0.0,0.0,0.0,0.0,0.0,0.0,0.0,0.0,0,126069.02332931508
58,126069.02332931508,0.0,0.0,0.0,0.0,0.0,0.0,0.0,0.0,0,126069.02332931508
59,126069.02332931508,0.0,0.0,0.0,0.0,0.0,0.0,0.0,0.0,0,126069.02332931508
60,126069.02332931508,0.0,0.0,0.0,0.0,0.0,0.0,0.0,0.0,0,126069.02332931508
61,126069.02332931508,0.0,0.0,0.0,0.0,0.0,0.0,0.0,0.0,0,126069.02332931508
62,126069.02332931508,0.0,0.0,0.0,0.0,0.0,0.0,0.0,0.0,0,126069.02332931508
63,126069.02332931508,0.0,0.0,0.0,0.0,0.0,0.0,0.0,0.0,0,126069.02332931508
64,126069.02332931508,0.0,0.0,0.0,0.0,0.0,0.0,0.0,0.0,0,126069.02332931508
65,126069.02332931508,0.0,0.0,0.0,0.0,0.0,0.0,0.0,0.0,0,126069.02332931508
66,126069.02332931508,0.0,0.0,0.0,0.0,0.0,0.0,0.0,0.0,0,126069.02332931508
67,126069.02332931508,0.0,0.0,0.0,0.0,0.0,0.0,0.0,0.0,0,126069.02332931508
68,126069.02332931508,0.0,0.0,0.0,0.0,0.0,0.0,0.0,0.0,0,126069.02332931508
69,126069.02332931508,0.0,0.0,0.0,0.0,0.0,0.0,0.0,0.0,0,126069.02332931508
70,126069.02332931508,0.0,0.0,0.0,0.0,0.0,0.0,0.0,0.0,0,126069.02332931508
71,126069.02332931508,0.0,0.0,0.0,0.0,0.0,0.0,0.0,0.0,0,126069.02332931508
72,126069.02332931508,0.0,0.0,0.0,0.0,0.0,0.0,0.0,0.0,0,126069.02332931508
73,126069.02332931508,0.0,0.0,0.0,0.0,0.0,0.0,0.0,0.0,0,126069.02332931508
74,126069.02332931508,0.0,0.0,0.0,0.0,0.0,0.0,0.0,0.0,0,126069.02332931508
75,126069.02332931508,0.0,0.0,0.0,0.0,0.0,0.0,0.0,0.0,0,126069.02332931508
76,126069.02332931508,0.0,0.0,0.0,0.0,0.0,0.0,0.0,0.0,0,126069.02332931508
77,126069.02332931508,0.0,0.0,0.0,0.0,0.0,0.0,0.0,0.0,0,126069.02332931508
78,126069.02332931508,0.0,0.0,0.0,0.0,0.0,0.0,0.0,0.0,0,126069.02332931508
79,126069.02332931508,0.0,0.0,0.0,0.0,0.0,0.0,0.0,0.0,0,126069.02332931508
80,126069.02332931508,0.0,0.0,0.0,0.0,0.0,0.0,0.0,0.0,0,126069.02332931508
81,126069.02332931508,0.0,0.0,0.0,0.0,0.0,0.0,0.0,0.0,0,126069.02332931508
82,126069.02332931508,0.0,0.0,0.0,0.0,0.0,0.0,0.0,0.0,0,126069.02332931508
83,126069.02332931508,0.0,0.0,0.0,0.0,0.0,0.0,0.0,0.0,0,126069.02332931508
84,126069.02332931508,0.0,0.0,0.0,0.0,0.0,0.0,0.0,0.0,0,126069.02332931508
85,126069.02332931508,0.0,0.0,0.0,0.0,0.0,0.0,0.0,0.0,0,126069.02332931508
86,126069.02332931508,0.0,0.0,0.0,0.0,0.0,0.0,0.0,0.0,0,126069.02332931508
87,126069.02332931508,0.0,0.0,0.0,0.0,0.0,0.0,0.0,0.0,0,126069.02332931508
88,126069.02332931508,0.0,0.0,0.0,0.0,0.0,0.0,0.0,0.0,0,126069.02332931508
89,126069.02332931508,0.0,0.0,0.0,0.0,0.0,0.0,0.0,0.0,0,126069.02332931508
90,126069.02332931508,0.0,0.0,0.0,0.0,0.0,0.0,0.0,0.0,0,126069.02332931508
91,126069.02332931508,0.0,0.0,0.0,0.0,0.0,0.0,0.0,0.0,0,126069.02332931508
92,126069.02332931508,0.0,0.0,0.0,0.0,0.0,0.0,0.0,0.0,0,126069.02332931508
93,126069.02332931508,0.0,0.0,0.0,0.0,0.0,0.0,0.0,0.0,0,126069.02332931508
94,126069.02332931508,0.0,0.0,0.0,0.0,0.0,0.0,0.0,0.0,0,126069.02332931508
95,126069.02332931508,0.0,0.0,0.0,0.0,0.0,0.0,0.0,0.0,0,126069.02332931508
96,126069.02332931508,0.0,0.0,0.0,0.0,0.0,0.0,0.0,0.0,0,126069.02332931508
97,126069.02332931508,0.0,0.0,0.0,0.0,0.0,0.0,0.0,0.0,0,126069.02332931508
98,126069.02332931508,0.0,0.0,0.0,0.0,0.0,0.0,0.0,0.0,0,126069.02332931508
99,126069.02332931508,0.0,0.0,0.0,0.0,0.0,0.0,0.0,0.0,0,126069.02332931508
100,126069.02332931508,0.0,0.0,0.0,0.0,0.0,0.0,0.0,0.0,0,126069.02332931508
101,126069.02332931508,0.0,0.0,0.0,0.0,0.0,0.0,0.0,0.0,0,126069.02332931508
102,126069.02332931508,0.0,0.0,0.0,0.0,0.0,0.0,0.0,0.0,0,126069.02332931508
103,126069.02332931508,0.0,0.0,0.0,0.0,0.0,0.0,0.0,0.0,0,126069.02332931508
104,126069.02332931508,0.0,0.0,0.0,0.0,0.0,0.0,0.0,0.0,0,126069.02332931508
105,126069.02332931508,0.0,0.0,0.0,0.0,0.0,0.0,0.0,0.0,0,126069.02332931508
106,126069.02332931508,0.0,0.0,0.0,0.0,0.0,0.0,0.0,0.0,0,126069.02332931508
107,126069.02332931508,0.0,0.0,0.0,0.0,0.0,0.0,0.0,0.0,0,126069.02332931508
108,126069.02332931508,0.0,0.0,0.0,0.0,0.0,0.0,0.0,0.0,0,126069.02332931508
109,126069.02332931508,0.0,0.0,0.0,0.0,0.0,0.0,0.0,0.0,0,126069.02332931508
110,126069.02332931508,0.0,0.0,0.0,0.0,0.0,0.0,0.0,0.0,0,126069.02332931508
111,126069.02332931508,0.0,0.0,0.0,0.0,0.0,0.0,0.0,0.0,0,126069.02332931508
112,126069.02332931508,0.0,0.0,0.0,0.0,0.0,0.0,0.0,0.0,0,126069.02332931508
113,126069.02332931508,0.0,0.0,0.0,0.0,0.0,0.0,0.0,0.0,0,126069.02332931508
114,126069.02332931508,0.0,0.0,0.0,0.0,0.0,0.0,0.0,0.0,0,126069.02332931508
115,126069.02332931508,0.0,0.0,0.0,0.0,0.0,0.0,0.0,0.0,0,126069.02332931508
116,126069.02332931508,0.0,0.0,0.0,0.0,0.0,0.0,0.0,0.0,0,126069.02332931508
117,126069.02332931508,0.0,0.0,0.0,0.0,0.0,0.0,0.0,0.0,0,126069.02332931508
118,126069.02332931508,0.0,0.0,0.0,0.0,0.0,0.0,0.0,0.0,0,126069.02332931508
119,126069.02332931508,0.0,0.0,0.0,0.0,0.0,0.0,0.0,0.0,0,126069.02332931508
120,126069.02332931508,0.0,0.0,0.0,0.0,0.0,0.0,0.0,0.0,0,126069.02332931508
121,126069.02332931508,0.0,0.0,0.0,0.0,0.0,0.0,0.0,0.0,0,126069.02332931508
122,126069.02332931508,0.0,0.0,0.0,0.0,0.0,0.0,0.0,0.0,0,126069.02332931508
123,126069.02332931508,0.0,0.0,0.0,0.0,0.0,0.0,0.0,0.0,0,126069.02332931508
124,126069.02332931508,0.0,0.0,0.0,0.0,0.0,0.0,0.0,0.0,0,126069.02332931508
125,126069.02332931508,0.0,0.0,0.0,0.0,0.0,0.0,0.0,0.0,0,126069.02332931508
126,126069.02332931508,0.0,0.0,0.0,0.0,0.0,0.0,0.0,0.0,0,126069.02332931508
127,126069.02332931508,0.0,0.0,0.0,0.0,0.0,0.0,0.0,0.0,0,126069.02332931508
128,126069.02332931508,0.0,0.0,0.0,0.0,0.0,0.0,0.0,0.0,0,126069.02332931508
129,126069.02332931508,0.0,0.0,0.0,0.0,0.0,0.0,0.0,0.0,0,126069.02332931508
130,126069.02332931508,0.0,0.0,0.0,0.0,0.0,0.0,0.0,0.0,0,126069.02332931508
131,126069.02332931508,0.0,0.0,0.0,0.0,0.0,0.0,0.0,0.0,0,126069.02332931508
132,126069.02332931508,0.0,0.0,0.0,0.0,0.0,0.0,0.0,0.0,0,126069.02332931508
133,126069.02332931508,0.0,0.0,0.0,0.0,0.0,0.0,0.0,0.0,0,126069.02332931508
134,126069.02332931508,0.0,0.0,0.0,0.0,0.0,0.0,0.0,0.0,0,126069.02332931508
135,126069.02332931508,0.0,0.0,0.0,0.0,0.0,0.0,0.0,0.0,0,126069.02332931508
136,126069.02332931508,0.0,0.0,0.0,0.0,0.0,0.0,0.0,0.0,0,126069.02332931508
137,126069.02332931508,0.0,0.0,0.0,0.0,0.0,0.0,0.0,0.0,0,126069.02332931508
138,126069.02332931508,0.0,0.0,0.0,0.0,0.0,0.0,0.0,0.0,0,126069.02332931508
139,126069.02332931508,0.0,0.0,0.0,0.0,0.0,0.0,0.0,0.0,0,126069.02332931508
140,126069.02332931508,0.0,0.0,0.0,0.0,0.0,0.0,0.0,0.0,0,126069.02332931508
141,126069.02332931508,0.0,0.0,0.0,0.0,0.0,0.0,0.0,0.0,0,126069.02332931508
142,126069.02332931508,0.0,0.0,0.0,0.0,0.0,0.0,0.0,0.0,0,126069.02332931508
143,126069.02332931508,0.0,0.0,0.0,0.0,0.0,0.0,0.0,0.0,0,126069.02332931508
144,126069.02332931508,0.0,0.0,0.0,0.0,0.0,0.0,0.0,0.0,0,126069.02332931508
145,126069.02332931508,0.0,0.0,0.0,0.0,0.0,0.0,0.0,0.0,0,126069.02332931508
146,126069.02332931508,0.0,0.0,0.0,0.0,0.0,0.0,0.0,0.0,0,126069.02332931508
147,126069.02332931508,0.0,0.0,0.0,0.0,0.0,0.0,0.0,0.0,0,126069.02332931508
148,126069.02332931508,0.0,0.0,0.0,0.0,0.0,0.0,0.0,0.0,0,126069.02332931508
149,126069.02332931508,0.0,0.0,0.0,0.0,0.0,0.0,0.0,0.0,0,126069.02332931508
150,126069.02332931508,0.0,0.0,0.0,0.0,0.0,0.0,0.0,0.0,0,126069.02332931508
151,126069.02332931508,0.0,0.0,0.0,0.0,0.0,0.0,0.0,0.0,0,126069.02332931508
152,126069.02332931508,0.0,0.0,0.0,0.0,0.0,0.0,0.0,0.0,0,126069.02332931508
153,126069.02332931508,0.0,0.0,0.0,0.0,0.0,0.0,0.0,0.0,0,126069.02332931508
154,126069.02332931508,0.0,0.0,0.0,0.0,0.0,0.0,0.0,0.0,0,126069.02332931508
155,126069.02332931508,0.0,0.0,0.0,0.0,0.0,0.0,0.0,0.0,0,126069.02332931508
156,126069.02332931508,0.0,0.0,0.0,0.0,0.0,0.0,0.0,0.0,0,126069.02332931508
157,126069.02332931508,0.0,0.0,0.0,0.0,0.0,0.0,0.0,0.0,0,126069.02332931508
158,126069.02332931508,0.0,0.0,0.0,0.0,0.0,0.0,0.0,0.0,0,126069.02332931508
159,126069.02332931508,0.0,0.0,0.0,0.0,0.0,0.0,0.0,0.0,0,126069.02332931508
160,126069.02332931508,0.0,0.0,0.0,0.0,0.0,0.0,0.0,0.0,0,126069.02332931508
161,126069.02332931508,0.0,0.0,0.0,0.0,0.0,0.0,0.0,0.0,0,126069.02332931508
162,126069.02332931508,0.0,0.0,0.0,0.0,0.0,0.0,0.0,0.0,0,126069.02332931508
163,126069.02332931508,0.0,0.0,0.0,0.0,0.0,0.0,0.0,0.0,0,126069.02332931508
164,126069.02332931508,0.0,0.0,0.0,0.0,0.0,0.0,0.0,0.0,0,126069.02332931508
165,126069.02332931508,0.0,0.0,0.0,0.0,0.0,0.0,0.0,0.0,0,126069.02332931508
166,126069.02332931508,0.0,0.0,0.0,0.0,0.0,0.0,0.0,0.0,0,126069.02332931508
167,126069.02332931508,0.0,0.0,0.0,0.0,0.0,0.0,0.0,0.0,0,126069.02332931508
168,126069.02332931508,0.0,0.0,0.0,0.0,0.0,0.0,0.0,0.0,0,126069.02332931508
169,126069.02332931508,0.0,0.0,0.0,0.0,0.0,0.0,0.0,0.0,0,126069.02332931508
170,126069.02332931508,0.0,0.0,0.0,0.0,0.0,0.0,0.0,0.0,0,126069.02332931508
171,126069.02332931508,0.0,0.0,0.0,0.0,0.0,0.0,0.0,0.0,0,126069.02332931508
172,126069.02332931508,0.0,0.0,0.0,0.0,0.0,0.0,0.0,0.0,0,126069.02332931508
173,126069.02332931508,0.0,0.0,0.0,0.0,0.0,0.0,0.0,0.0,0,126069.02332931508
174,126069.02332931508,0.0,0.0,0.0,0.0,0.0,0.0,0.0,0.0,0,126069.02332931508
175,126069.02332931508,0.0,0.0,0.0,0.0,0.0,0.0,0.0,0.0,0,126069.02332931508
176,126069.02332931508,0.0,0.0,0.0,0.0,0.0,0.0,0.0,0.0,0,126069.02332931508
177,126069.02332931508,0.0,0.0,0.0,0.0,0.0,0.0,0.0,0.0,0,126069.02332931508
178,126069.02332931508,0.0,0.0,0.0,0.0,0.0,0.0,0.0,0.0,0,126069.02332931508
179,126069.02332931508,0.0,0.0,0.0,0.0,0.0,0.0,0.0,0.0,0,126069.02332931508
180,126069.02332931508,0.0,0.0,0.0,0.0,0.0,0.0,0.0,0.0,0,126069.02332931508
181,126069.02332931508,0.0,0.0,0.0,0.0,0.0,0.0,0.0,0.0,0,126069.02332931508
182,126069.02332931508,0.0,0.0,0.0,0.0,0.0,0.0,0.0,0.0,0,126069.02332931508
183,126069.02332931508,0.0,0.0,0.0,0.0,0.0,0.0,0.0,0.0,0,126069.02332931508
184,126069.02332931508,0.0,0.0,0.0,0.0,0.0,0.0,0.0,0.0,0,126069.02332931508
185,126069.02332931508,0.0,0.0,0.0,0.0,0.0,0.0,0.0,0.0,0,126069.02332931508
186,126069.02332931508,0.0,0.0,0.0,0.0,0.0,0.0,0.0,0.0,0,126069.02332931508
187,126069.02332931508,0.0,0.0,0.0,0.0,0.0,0.0,0.0,0.0,0,126069.02332931508
188,126069.02332931508,0.0,0.0,0.0,0.0,0.0,0.0,0.0,0.0,0,126069.02332931508
189,126069.02332931508,0.0,0.0,0.0,0.0,0.0,0.0,0.0,0.0,0,126069.02332931508
190,126069.02332931508,0.0,0.0,0.0,0.0,0.0,0.0,0.0,0.0,0,126069.02332931508
191,126069.02332931508,0.0,0.0,0.0,0.0,0.0,0.0,0.0,0.0,0,126069.02332931508
192,126069.02332931508,0.0,0.0,0.0,0.0,0.0,0.0,0.0,0.0,0,126069.02332931508
193,126069.02332931508,0.0,0.0,0.0,0.0,0.0,0.0,0.0,0.0,0,126069.02332931508
194,126069.02332931508,0.0,0.0,0.0,0.0,0.0,0.0,0.0,0.0,0,126069.02332931508
195,126069.02332931508,0.0,0.0,0.0,0.0,0.0,0.0,0.0,0.0,0,126069.02332931508
196,126069.02332931508,0.0,0.0,0.0,0.0,0.0,0.0,0.0,0.0,0,126069.02332931508
197,126069.02332931508,0.0,0.0,0.0,0.0,0.0,0.0,0.0,0.0,0,126069.02332931508
198,126069.02332931508,0.0,0.0,0.0,0.0,0.0,0.0,0.0,0.0,0,126069.02332931508
199,126069.02332931508,0.0,0.0,0.0,0.0,0.0,0.0,0.0,0.0,0,126069.02332931508
200,126069.02332931508,0.0,0.0,0.0,0.0,0.0,0.0,0.0,0.0,0,126069.02332931508
201,126069.02332931508,0.0,0.0,0.0,0.0,0.0,0.0,0.0,0.0,0,126069.02332931508
202,126069.02332931508,0.0,0.0,0.0,0.0,0.0,0.0,0.0,0.0,0,126069.02332931508
203,126069.02332931508,0.0,0.0,0.0,0.0,0.0,0.0,0.0,0.0,0,126069.02332931508
204,126069.02332931508,0.0,0.0,0.0,0.0,0.0,0.0,0.0,0.0,0,126069.02332931508
205,126069.02332931508,0.0,0.0,0.0,0.0,0.0,0.0,0.0,0.0,0,126069.02332931508
206,126069.02332931508,0.0,0.0,0.0,0.0,0.0,0.0,0.0,0.0,0,126069.02332931508
207,126069.02332931508,0.0,0.0,0.0,0.0,0.0,0.0,0.0,0.0,0,126069.02332931508
208,126069.02332931508,0.0,0.0,0.0,0.0,0.0,0.0,0.0,0.0,0,126069.02332931508
209,126069.02332931508,0.0,0.0,0.0,0.0,0.0,0.0,0.0,0.0,0,126069.02332931508
210,126069.02332931508,0.0,0.0,0.0,0.0,0.0,0.0,0.0,0.0,0,126069.02332931508
211,126069.02332931508,0.0,0.0,0.0,0.0,0.0,0.0,0.0,0.0,0,126069.02332931508
212,126069.02332931508,0.0,0.0,0.0,0.0,0.0,0.0,0.0,0.0,0,126069.02332931508
213,126069.02332931508,0.0,0.0,0.0,0.0,0.0,0.0,0.0,0.0,0,126069.02332931508
214,126069.02332931508,0.0,0.0,0.0,0.0,0.0,0.0,0.0,0.0,0,126069.02332931508
215,126069.02332931508,0.0,0.0,0.0,0.0,0.0,0.0,0.0,0.0,0,126069.02332931508
216,126069.02332931508,0.0,0.0,0.0,0.0,0.0,0.0,0.0,0.0,0,126069.02332931508
217,126069.02332931508,0.0,0.0,0.0,0.0,0.0,0.0,0.0,0.0,0,126069.02332931508
218,126069.02332931508,0.0,0.0,0.0,0.0,0.0,0.0,0.0,0.0,0,126069.02332931508
219,126069.02332931508,0.0,0.0,0.0,0.0,0.0,0.0,0.0,0.0,0,126069.02332931508
220,126069.02332931508,0.0,0.0,0.0,0.0,0.0,0.0,0.0,0.0,0,126069.02332931508
221,126069.02332931508,0.0,0.0,0.0,0.0,0.0,0.0,0.0,0.0,0,126069.02332931508
222,126069.02332931508,0.0,0.0,0.0,0.0,0.0,0.0,0.0,0.0,0,126069.02332931508
223,126069.02332931508,0.0,0.0,0.0,0.0,0.0,0.0,0.0,0.0,0,126069.02332931508
224,126069.02332931508,0.0,0.0,0.0,0.0,0.0,0.0,0.0,0.0,0,126069.02332931508
225,126069.02332931508,0.0,0.0,0.0,0.0,0.0,0.0,0.0,0.0,0,126069.02332931508
226,126069.02332931508,0.0,0.0,0.0,0.0,0.0,0.0,0.0,0.0,0,126069.02332931508
227,126069.02332931508,0.0,0.0,0.0,0.0,0.0,0.0,0.0,0.0,0,126069.02332931508
228,126069.02332931508,0.0,0.0,0.0,0.0,0.0,0.0,0.0,0.0,0,126069.02332931508
229,126069.02332931508,0.0,0.0,0.0,0.0,0.0,0.0,0.0,0.0,0,126069.02332931508
230,126069.02332931508,0.0,0.0,0.0,0.0,0.0,0.0,0.0,0.0,0,126069.02332931508
231,126069.02332931508,0.0,0.0,0.0,0.0,0.0,0.0,0.0,0.0,0,126069.02332931508
232,126069.02332931508,0.0,0.0,0.0,0.0,0.0,0.0,0.0,0.0,0,126069.02332931508
233,126069.02332931508,0.0,0.0,0.0,0.0,0.0,0.0,0.0,0.0,0,126069.02332931508
234,126069.02332931508,0.0,0.0,0.0,0.0,0.0,0.0,0.0,0.0,0,126069.02332931508
235,126069.02332931508,0.0,0.0,0.0,0.0,0.0,0.0,0.0,0.0,0,126069.02332931508
236,126069.02332931508,0.0,0.0,0.0,0.0,0.0,0.0,0.0,0.0,0,126069.02332931508
237,126069.02332931508,0.0,0.0,0.0,0.0,0.0,0.0,0.0,0.0,0,126069.02332931508
238,126069.02332931508,0.0,0.0,0.0,0.0,0.0,0.0,0.0,0.0,0,126069.02332931508
239,126069.02332931508,0.0,0.0,0.0,0.0,0.0,0.0,0.0,0.0,0,126069.02332931508
240,126069.02332931508,0.0,0.0,0.0,0.0,0.0,0.0,0.0,0.0,0,126069.02332931508
241,126069.02332931508,0.0,0.0,0.0,0.0,0.0,0.0,0.0,0.0,0,126069.02332931508
242,126069.02332931508,0.0,0.0,0.0,0.0,0.0,0.0,0.0,0.0,0,126069.02332931508
243,126069.02332931508,0.0,0.0,0.0,0.0,0.0,0.0,0.0,0.0,0,126069.02332931508
244,126069.02332931508,0.0,0.0,0.0,0.0,0.0,0.0,0.0,0.0,0,126069.02332931508
245,126069.02332931508,0.0,0.0,0.0,0.0,0.0,0.0,0.0,0.0,0,126069.02332931508
246,126069.02332931508,0.0,0.0,0.0,0.0,0.0,0.0,0.0,0.0,0,126069.02332931508
247,126069.02332931508,0.0,0.0,0.0,0.0,0.0,0.0,0.0,0.0,0,126069.02332931508
248,126069.02332931508,0.0,0.0,0.0,0.0,0.0,0.0,0.0,0.0,0,126069.02332931508
249,126069.02332931508,0.0,0.0,0.0,0.0,0.0,0.0,0.0,0.0,0,126069.02332931508
250,126069.02332931508,0.0,0.0,0.0,0.0,0.0,0.0,0.0,0.0,0,126069.02332931508
251,126069.02332931508,0.0,0.0,0.0,0.0,0.0,0.0,0.0,0.0,0,126069.02332931508
252,126069.02332931508,0.0,0.0,0.0,0.0,0.0,0.0,0.0,0.0,0,126069.02332931508
253,126069.02332931508,0.0,0.0,0.0,0.0,0.0,0.0,0.0,0.0,0,126069.02332931508
254,126069.02332931508,0.0,0.0,0.0,0.0,0.0,0.0,0.0,0.0,0,126069.02332931508
255,126069.02332931508,0.0,0.0,0.0,0.0,0.0,0.0,0.0,0.0,0,126069.02332931508
256,126069.02332931508,0.0,0.0,0.0,0.0,0.0,0.0,0.0,0.0,0,126069.02332931508
257,126069.02332931508,0.0,0.0,0.0,0.0,0.0,0.0,0.0,0.0,0,126069.02332931508
258,126069.02332931508,0.0,0.0,0.0,0.0,0.0,0.0,0.0,0.0,0,126069.02332931508
259,126069.02332931508,0.0,0.0,0.0,0.0,0.0,0.0,0.0,0.0,0,126069.02332931508
260,126069.02332931508,0.0,0.0,0.0,0.0,0.0,0.0,0.0,0.0,0,126069.02332931508
261,126069.02332931508,0.0,0.0,0.0,0.0,0.0,0.0,0.0,0.0,0,126069.02332931508
262,126069.02332931508,0.0,0.0,0.0,0.0,0.0,0.0,0.0,0.0,0,126069.02332931508
263,126069.02332931508,0.0,0.0,0.0,0.0,0.0,0.0,0.0,0.0,0,126069.02332931508
264,126069.02332931508,0.0,0.0,0.0,0.0,0.0,0.0,0.0,0.0,0,126069.02332931508
265,126069.02332931508,0.0,0.0,0.0,0.0,0.0,0.0,0.0,0.0,0,126069.02332931508
266,126069.02332931508,0.0,0.0,0.0,0.0,0.0,0.0,0.0,0.0,0,126069.02332931508
267,126069.02332931508,0.0,0.0,0.0,0.0,0.0,0.0,0.0,0.0,0,126069.02332931508
268,126069.02332931508,0.0,0.0,0.0,0.0,0.0,0.0,0.0,0.0,0,126069.02332931508
269,126069.02332931508,0.0,0.0,0.0,0.0,0.0,0.0,0.0,0.0,0,126069.02332931508
270,126069.02332931508,0.0,0.0,0.0,0.0,0.0,0.0,0.0,0.0,0,126069.02332931508
271,126069.02332931508,0.0,0.0,0.0,0.0,0.0,0.0,0.0,0.0,0,126069.02332931508
272,126069.02332931508,0.0,0.0,0.0,0.0,0.0,0.0,0.0,0.0,0,126069.02332931508
273,126069.02332931508,0.0,0.0,0.0,0.0,0.0,0.0,0.0,0.0,0,126069.02332931508
274,126069.02332931508,0.0,0.0,0.0,0.0,0.0,0.0,0.0,0.0,0,126069.02332931508
275,126069.02332931508,0.0,0.0,0.0,0.0,0.0,0.0,0.0,0.0,0,126069.02332931508
276,126069.02332931508,0.0,0.0,0.0,0.0,0.0,0.0,0.0,0.0,0,126069.02332931508
277,126069.02332931508,0.0,0.0,0.0,0.0,0.0,0.0,0.0,0.0,0,126069.02332931508
278,126069.02332931508,0.0,0.0,0.0,0.0,0.0,0.0,0.0,0.0,0,126069.02332931508
279,126069.02332931508,0.0,0.0,0.0,0.0,0.0,0.0,0.0,0.0,0,126069.02332931508
280,126069.02332931508,0.0,0.0,0.0,0.0,0.0,0.0,0.0,0.0,0,126069.02332931508
281,126069.02332931508,0.0,0.0,0.0,0.0,0.0,0.0,0.0,0.0,0,126069.02332931508
282,126069.02332931508,0.0,0.0,0.0,0.0,0.0,0.0,0.0,0.0,0,126069.02332931508
283,126069.02332931508,0.0,0.0,0.0,0.0,0.0,0.0,0.0,0.0,0,126069.02332931508
284,126069.02332931508,0.0,0.0,0.0,0.0,0.0,0.0,0.0,0.0,0,126069.02332931508
285,126069.02332931508,0.0,0.0,0.0,0.0,0.0,0.0,0.0,0.0,0,126069.02332931508
286,126069.02332931508,0.0,0.0,0.0,0.0,0.0,0.0,0.0,0.0,0,126069.02332931508
287,126069.02332931508,0.0,0.0,0.0,0.0,0.0,0.0,0.0,0.0,0,126069.02332931508
288,126069.02332931508,0.0,0.0,0.0,0.0,0.0,0.0,0.0,0.0,0,126069.02332931508
289,126069.02332931508,0.0,0.0,0.0,0.0,0.0,0.0,0.0,0.0,0,126069.02332931508
290,126069.02332931508,0.0,0.0,0.0,0.0,0.0,0.0,0.0,0.0,0,126069.02332931508
291,126069.02332931508,0.0,0.0,0.0,0.0,0.0,0.0,0.0,0.0,0,126069.02332931508
292,126069.02332931508,0.0,0.0,0.0,0.0,0.0,0.0,0.0,0.0,0,126069.02332931508
293,126069.02332931508,0.0,0.0,0.0,0.0,0.0,0.0,0.0,0.0,0,126069.02332931508
294,126069.02332931508,0.0,0.0,0.0,0.0,0.0,0.0,0.0,0.0,0,126069.02332931508
295,126069.02332931508,0.0,0.0,0.0,0.0,0.0,0.0,0.0,0.0,0,126069.02332931508
296,126069.02332931508,0.0,0.0,0.0,0.0,0.0,0.0,0.0,0.0,0,126069.02332931508
297,126069.02332931508,0.0,0.0,0.0,0.0,0.0,0.0,0.0,0.0,0,126069.02332931508
298,126069.02332931508,0.0,0.0,0.0,0.0,0.0,0.0,0.0,0.0,0,126069.02332931508
299,126069.02332931508,0.0,0.0,0.0,0.0,0.0,0.0,0.0,0.0,0,126069.02332931508
300,126069.02332931508,0.0,0.0,0.0,0.0,0.0,0.0,0.0,0.0,0,126069.02332931508
301,126069.02332931508,0.0,0.0,0.0,0.0,0.0,0.0,0.0,0.0,0,126069.02332931508
302,126069.02332931508,0.0,0.0,0.0,0.0,0.0,0.0,0.0,0.0,0,126069.02332931508
303,126069.02332931508,0.0,0.0,0.0,0.0,0.0,0.0,0.0,0.0,0,126069.02332931508
304,126069.02332931508,0.0,0.0,0.0,0.0,0.0,0.0,0.0,0.0,0,126069.02332931508
305,126069.02332931508,0.0,0.0,0.0,0.0,0.0,0.0,0.0,0.0,0,126069.02332931508
306,126069.02332931508,0.0,0.0,0.0,0.0,0.0,0.0,0.0,0.0,0,126069.02332931508
307,126069.02332931508,0.0,0.0,0.0,0.0,0.0,0.0,0.0,0.0,0,126069.02332931508
308,126069.02332931508,0.0,0.0,0.0,0.0,0.0,0.0,0.0,0.0,0,126069.02332931508
309,126069.02332931508,0.0,0.0,0.0,0.0,0.0,0.0,0.0,0.0,0,126069.02332931508
310,126069.02332931508,0.0,0.0,0.0,0.0,0.0,0.0,0.0,0.0,0,126069.02332931508
311,126069.02332931508,0.0,0.0,0.0,0.0,0.0,0.0,0.0,0.0,0,126069.02332931508
312,126069.02332931508,0.0,0.0,0.0,0.0,0.0,0.0,0.0,0.0,0,126069.02332931508
313,126069.02332931508,0.0,0.0,0.0,0.0,0.0,0.0,0.0,0.0,0,126069.02332931508
314,126069.02332931508,0.0,0.0,0.0,0.0,0.0,0.0,0.0,0.0,0,126069.02332931508
315,126069.02332931508,0.0,0.0,0.0,0.0,0.0,0.0,0.0,0.0,0,126069.02332931508
316,126069.02332931508,0.0,0.0,0.0,0.0,0.0,0.0,0.0,0.0,0,126069.02332931508
317,126069.02332931508,0.0,0.0,0.0,0.0,0.0,0.0,0.0,0.0,0,126069.02332931508
318,126069.02332931508,0.0,0.0,0.0,0.0,0.0,0.0,0.0,0.0,0,126069.02332931508
319,126069.02332931508,0.0,0.0,0.0,0.0,0.0,0.0,0.0,0.0,0,126069.02332931508
320,126069.02332931508,0.0,0.0,0.0,0.0,0.0,0.0,0.0,0.0,0,126069.02332931508
321,126069.02332931508,0.0,0.0,0.0,0.0,0.0,0.0,0.0,0.0,0,126069.02332931508
322,126069.02332931508,0.0,0.0,0.0,0.0,0.0,0.0,0.0,0.0,0,126069.02332931508
323,126069.02332931508,0.0,0.0,0.0,0.0,0.0,0.0,0.0,0.0,0,126069.02332931508
324,126069.02332931508,0.0,0.0,0.0,0.0,0.0,0.0,0.0,0.0,0,126069.02332931508
325,126069.02332931508,0.0,0.0,0.0,0.0,0.0,0.0,0.0,0.0,0,126069.02332931508
326,126069.02332931508,0.0,0.0,0.0,0.0,0.0,0.0,0.0,0.0,0,126069.02332931508
327,126069.02332931508,0.0,0.0,0.0,0.0,0.0,0.0,0.0,0.0,0,126069.02332931508
328,126069.02332931508,0.0,0.0,0.0,0.0,0.0,0.0,0.0,0.0,0,126069.02332931508
329,126069.02332931508,0.0,0.0,0.0,0.0,0.0,0.0,0.0,0.0,0,126069.02332931508
330,126069.02332931508,0.0,0.0,0.0,0.0,0.0,0.0,0.0,0.0,0,126069.02332931508
331,126069.02332931508,0.0,0.0,0.0,0.0,0.0,0.0,0.0,0.0,0,126069.02332931508
332,126069.02332931508,0.0,0.0,0.0,0.0,0.0,0.0,0.0,0.0,0,126069.02332931508
333,126069.02332931508,0.0,0.0,0.0,0.0,0.0,0.0,0.0,0.0,0,126069.02332931508
334,126069.02332931508,0.0,0.0,0.0,0.0,0.0,0.0,0.0,0.0,0,126069.02332931508
335,126069.02332931508,0.0,0.0,0.0,0.0,0.0,0.0,0.0,0.0,0,126069.02332931508
336,126069.02332931508,0.0,0.0,0.0,0.0,0.0,0.0,0.0,0.0,0,126069.02332931508
337,126069.02332931508,0.0,0.0,0.0,0.0,0.0,0.0,0.0,0.0,0,126069.02332931508
338,126069.02332931508,0.0,0.0,0.0,0.0,0.0,0.0,0.0,0.0,0,126069.02332931508
339,126069.02332931508,0.0,0.0,0.0,0.0,0.0,0.0,0.0,0.0,0,126069.02332931508
340,126069.02332931508,0.0,0.0,0.0,0.0,0.0,0.0,0.0,0.0,0,126069.02332931508
341,126069.02332931508,0.0,0.0,0.0,0.0,0.0,0.0,0.0,0.0,0,126069.02332931508
342,126069.02332931508,0.0,0.0,0.0,0.0,0.0,0.0,0.0,0.0,0,126069.02332931508
343,126069.02332931508,0.0,0.0,0.0,0.0,0.0,0.0,0.0,0.0,0,126069.02332931508
344,126069.02332931508,0.0,0.0,0.0,0.0,0.0,0.0,0.0,0.0,0,126069.02332931508
345,126069.02332931508,0.0,0.0,0.0,0.0,0.0,0.0,0.0,0.0,0,126069.02332931508
346,126069.02332931508,0.0,0.0,0.0,0.0,0.0,0.0,0.0,0.0,0,126069.02332931508
347,126069.02332931508,0.0,0.0,0.0,0.0,0.0,0.0,0.0,0.0,0,126069.02332931508
348,126069.02332931508,0.0,0.0,0.0,0.0,0.0,0.0,0.0,0.0,0,126069.02332931508
349,126069.02332931508,0.0,0.0,0.0,0.0,0.0,0.0,0.0,0.0,0,126069.02332931508
350,126069.02332931508,0.0,0.0,0.0,0.0,0.0,0.0,0.0,0.0,0,126069.02332931508
351,126069.02332931508,0.0,0.0,0.0,0.0,0.0,0.0,0.0,0.0,0,126069.02332931508
352,126069.02332931508,0.0,0.0,0.0,0.0,0.0,0.0,0.0,0.0,0,126069.02332931508
353,126069.02332931508,0.0,0.0,0.0,0.0,0.0,0.0,0.0,0.0,0,126069.02332931508
354,126069.02332931508,0.0,0.0,0.0,0.0,0.0,0.0,0.0,0.0,0,126069.02332931508
355,126069.02332931508,0.0,0.0,0.0,0.0,0.0,0.0,0.0,0.0,0,126069.02332931508
356,126069.02332931508,0.0,0.0,0.0,0.0,0.0,0.0,0.0,0.0,0,126069.02332931508
357,126069.02332931508,0.0,0.0,0.0,0.0,0.0,0.0,0.0,0.0,0,126069.02332931508
358,126069.02332931508,0.0,0.0,0.0,0.0,0.0,0.0,0.0,0.0,0,126069.02332931508
359,126069.02332931508,0.0,0.0,0.0,0.0,0.0,0.0,0.0,0.0,0,126069.02332931508
360,126069.02332931508,0.0,0.0,0.0,0.0,0.0,0.0,0.0,0.0,0,126069.02332931508
361,126069.02332931508,0.0,0.0,0.0,0.0,0.0,0.0,0.0,0.0,0,126069.02332931508
362,126069.02332931508,0.0,0.0,0.0,0.0,0.0,0.0,0.0,0.0,0,126069.02332931508
363,126069.02332931508,0.0,0.0,0.0,0.0,0.0,0.0,0.0,0.0,0,126069.02332931508
364,126069.02332931508,0.0,0.0,0.0,0.0,0.0,0.0,0.0,0.0,0,126069.02332931508
365,126069.02332931508,0.0,0.0,0.0,0.0,0.0,0.0,0.0,0.0,0,126069.02332931508
